0,15:09:33,25SQCMICSBB028700B2D3,2
1,15:09:35,25SQCMICSBB028700B2D3,1
2,15:14:12,25SQCMICSBB028700B2D3,1
3,15:14:13,25SQCMICSBB028700B2D3,2
4,14:56:08,25SQCMICSBB039100B1CA,2
5,14:56:11,25SQCMICSBB039100B1CA,1
6,14:56:11,25SQCMICSBB039100B1CA,2
7,14:56:11,25SQCMICSBB039100B1CA,1
8,14:56:11,25SQCMICSBB039100B1CA,2
9,14:56:11,25SQCMICSBB039100B1CA,1
10,14:56:11,25SQCMICSBB039100B1CA,2
11,14:56:12,25SQCMICSBB039100B1CA,1
12,14:56:12,25SQCMICSBB039100B1CA,2
13,14:56:12,25SQCMICSBB039100B1CA,1
14,14:56:12,25SQCMICSBB039100B1CA,2
15,14:56:12,25SQCMICSBB039100B1CA,1
16,14:56:12,25SQCMICSBB039100B1CA,2
17,14:56:12,25SQCMICSBB039100B1CA,1
18,14:56:12,25SQCMICSBB039100B1CA,2
19,14:56:13,25SQCMICSBB039100B1CA,1
20,14:56:18,25SQCMICSBB039100B1CA,1
21,15:02:56,25SQCMICSBB039100B1CA,2
22,15:03:00,25SQCMICSBB039100B1CA,1
23,15:03:00,25SQCMICSBB039100B1CA,2
24,15:03:00,25SQCMICSBB039100B1CA,1
25,15:03:00,25SQCMICSBB039100B1CA,2
26,15:03:01,25SQCMICSBB039100B1CA,1
27,15:03:01,25SQCMICSBB039100B1CA,2
28,13:45:28,25SQCMICSBB047200B2A8,2
29,13:45:31,25SQCMICSBB047200B2A8,1
30,13:45:31,25SQCMICSBB047200B2A8,2
31,13:45:31,25SQCMICSBB047200B2A8,1
32,13:51:27,25SQCMICSBB047200B2A8,1
33,13:51:28,25SQCMICSBB047200B2A8,2
34,13:51:28,25SQCMICSBB047200B2A8,1
35,13:51:28,25SQCMICSBB047200B2A8,2
36,13:51:28,25SQCMICSBB047200B2A8,1
37,13:51:28,25SQCMICSBB047200B2A8,2
38,15:45:49,25SQCMICSBB047200B2A8,2
39,15:45:54,25SQCMICSBB047200B2A8,2
40,15:46:03,25SQCMICSBB047200B2A8,2
41,15:46:04,25SQCMICSBB047200B2A8,1
42,15:46:04,25SQCMICSBB047200B2A8,2
43,15:48:57,25SQCMICSBB047200B2A8,1
44,15:48:58,25SQCMICSBB047200B2A8,2
45,15:49:02,25SQCMICSBB047200B2A8,1
46,15:49:08,25SQCMICSBB047200B2A8,1
47,15:49:09,25SQCMICSBB047200B2A8,2
48,15:05:14,25SQCMICSBB181000B130,2
49,15:05:15,25SQCMICSBB181000B130,1
50,15:05:55,25SQCMICSBB181000B130,1
51,15:05:58,25SQCMICSBB181000B130,2
52,13:54:36,25SQCMICSBB181400B2DD,2
53,13:54:39,25SQCMICSBB181400B2DD,1
54,13:58:27,25SQCMICSBB181400B2DD,1
55,13:58:27,25SQCMICSBB181400B2DD,2
56,9:56:59,25SQCMICSBB1ADA00B24F,1
57,9:57:00,25SQCMICSBB1ADA00B24F,2
58,10:07:19,25SQCMICSBB1ADA00B24F,1
59,10:07:21,25SQCMICSBB1ADA00B24F,2
60,10:14:37,25SQCMICSBB1ADA00B24F,2
61,10:14:38,25SQCMICSBB1ADA00B24F,1
62,10:14:38,25SQCMICSBB1ADA00B24F,2
63,10:14:38,25SQCMICSBB1ADA00B24F,1
64,10:19:55,25SQCMICSBB1ADA00B24F,1
65,10:19:57,25SQCMICSBB1ADA00B24F,2
66,10:27:22,25SQCMICSBB1ADA00B24F,2
67,10:27:23,25SQCMICSBB1ADA00B24F,1
68,10:36:02,25SQCMICSBB1ADA00B24F,1
69,10:36:03,25SQCMICSBB1ADA00B24F,2
70,10:46:12,25SQCMICSBB1ADA00B24F,2
71,10:46:12,25SQCMICSBB1ADA00B24F,1
72,10:46:12,25SQCMICSBB1ADA00B24F,2
73,10:46:12,25SQCMICSBB1ADA00B24F,1
74,10:46:12,25SQCMICSBB1ADA00B24F,2
75,10:46:13,25SQCMICSBB1ADA00B24F,1
76,10:46:13,25SQCMICSBB1ADA00B24F,2
77,10:55:20,25SQCMICSBB1ADA00B24F,1
78,10:55:20,25SQCMICSBB1ADA00B24F,2
79,11:01:06,25SQCMICSBB1ADA00B24F,2
80,11:01:07,25SQCMICSBB1ADA00B24F,1
81,11:01:07,25SQCMICSBB1ADA00B24F,2
82,11:01:07,25SQCMICSBB1ADA00B24F,1
83,11:01:07,25SQCMICSBB1ADA00B24F,2
84,11:01:07,25SQCMICSBB1ADA00B24F,1
85,11:10:25,25SQCMICSBB1ADA00B24F,1
86,11:10:26,25SQCMICSBB1ADA00B24F,2
87,11:15:17,25SQCMICSBB1ADA00B24F,2
88,11:15:18,25SQCMICSBB1ADA00B24F,1
89,11:27:43,25SQCMICSBB1ADA00B24F,1
90,11:27:44,25SQCMICSBB1ADA00B24F,2
91,11:36:23,25SQCMICSBB1ADA00B24F,2
92,11:36:24,25SQCMICSBB1ADA00B24F,1
93,11:47:15,25SQCMICSBB1ADA00B24F,2
94,11:53:55,25SQCMICSBB1ADA00B24F,2
95,11:53:55,25SQCMICSBB1ADA00B24F,1
96,12:05:35,25SQCMICSBB1ADA00B24F,1
97,12:13:06,25SQCMICSBB1ADA00B24F,2
98,12:13:07,25SQCMICSBB1ADA00B24F,1
99,12:25:17,25SQCMICSBB1ADA00B24F,1
100,12:25:18,25SQCMICSBB1ADA00B24F,2
101,12:32:44,25SQCMICSBB1ADA00B24F,1
102,12:45:31,25SQCMICSBB1ADA00B24F,1
103,12:45:31,25SQCMICSBB1ADA00B24F,2
104,12:50:24,25SQCMICSBB1ADA00B24F,2
105,12:50:25,25SQCMICSBB1ADA00B24F,1
106,13:23:50,25SQCMICSBB1ADA00B24F,1
107,13:23:50,25SQCMICSBB1ADA00B24F,2
108,13:31:01,25SQCMICSBB1ADA00B24F,2
109,13:31:02,25SQCMICSBB1ADA00B24F,1
110,13:43:26,25SQCMICSBB1ADA00B24F,1
111,13:55:51,25SQCMICSBB1ADA00B24F,2
112,14:07:19,25SQCMICSBB1ADA00B24F,1
113,14:07:19,25SQCMICSBB1ADA00B24F,2
114,14:13:48,25SQCMICSBB1ADA00B24F,2
115,14:13:49,25SQCMICSBB1ADA00B24F,1
116,14:28:31,25SQCMICSBB1ADA00B24F,1
117,14:28:32,25SQCMICSBB1ADA00B24F,2
118,14:33:34,25SQCMICSBB1ADA00B24F,2
119,14:33:35,25SQCMICSBB1ADA00B24F,1
120,14:33:35,25SQCMICSBB1ADA00B24F,2
121,14:33:35,25SQCMICSBB1ADA00B24F,1
122,14:45:40,25SQCMICSBB1ADA00B24F,1
123,14:45:41,25SQCMICSBB1ADA00B24F,2
124,14:52:54,25SQCMICSBB1ADA00B24F,1
125,15:05:33,25SQCMICSBB1ADA00B24F,1
126,15:05:34,25SQCMICSBB1ADA00B24F,2
127,15:13:34,25SQCMICSBB1ADA00B24F,2
128,15:30:21,25SQCMICSBB1ADA00B24F,1
129,15:30:21,25SQCMICSBB1ADA00B24F,2
130,15:30:21,25SQCMICSBB1ADA00B24F,1
131,15:30:21,25SQCMICSBB1ADA00B24F,2
132,15:47:10,25SQCMICSBB1ADA00B24F,2
133,15:47:11,25SQCMICSBB1ADA00B24F,1
134,16:01:36,25SQCMICSBB1ADA00B24F,1
135,16:01:36,25SQCMICSBB1ADA00B24F,2
136,16:26:27,25SQCMICSBB1ADA00B24F,2
137,16:26:27,25SQCMICSBB1ADA00B24F,1
138,16:32:38,25SQCMICSBB1ADA00B24F,1
139,16:32:39,25SQCMICSBB1ADA00B24F,2
140,16:41:33,25SQCMICSBB1ADA00B24F,2
141,16:41:34,25SQCMICSBB1ADA00B24F,1
142,16:53:18,25SQCMICSBB1ADA00B24F,1
143,16:53:20,25SQCMICSBB1ADA00B24F,2
144,15:54:07,25SQCMICSBB1B3500B1E4,2
145,15:54:08,25SQCMICSBB1B3500B1E4,1
146,15:54:08,25SQCMICSBB1B3500B1E4,2
147,15:54:08,25SQCMICSBB1B3500B1E4,1
148,15:59:51,25SQCMICSBB1B3500B1E4,1
149,15:59:52,25SQCMICSBB1B3500B1E4,2
150,10:01:16,25SQCMICSBB1D8000B0BD,2
151,10:18:00,25SQCMICSBB1D8000B0BD,1
152,10:18:01,25SQCMICSBB1D8000B0BD,2
153,10:23:23,25SQCMICSBB1D8000B0BD,2
154,10:23:24,25SQCMICSBB1D8000B0BD,1
155,10:37:31,25SQCMICSBB1D8000B0BD,1
156,10:37:31,25SQCMICSBB1D8000B0BD,2
157,10:44:23,25SQCMICSBB1D8000B0BD,2
158,10:44:24,25SQCMICSBB1D8000B0BD,1
159,10:44:24,25SQCMICSBB1D8000B0BD,2
160,10:44:24,25SQCMICSBB1D8000B0BD,1
161,11:00:12,25SQCMICSBB1D8000B0BD,1
162,11:00:17,25SQCMICSBB1D8000B0BD,1
163,11:14:40,25SQCMICSBB1D8000B0BD,2
164,11:14:44,25SQCMICSBB1D8000B0BD,1
165,11:14:44,25SQCMICSBB1D8000B0BD,2
166,11:14:44,25SQCMICSBB1D8000B0BD,1
167,11:14:44,25SQCMICSBB1D8000B0BD,2
168,11:14:44,25SQCMICSBB1D8000B0BD,1
169,11:14:44,25SQCMICSBB1D8000B0BD,2
170,11:14:44,25SQCMICSBB1D8000B0BD,1
171,11:14:44,25SQCMICSBB1D8000B0BD,2
172,11:32:28,25SQCMICSBB1D8000B0BD,1
173,11:32:28,25SQCMICSBB1D8000B0BD,2
174,11:32:28,25SQCMICSBB1D8000B0BD,1
175,11:32:28,25SQCMICSBB1D8000B0BD,2
176,10:37:31,25SQCMICSBB223F00B277,2
177,10:47:10,25SQCMICSBB223F00B277,1
178,10:47:10,25SQCMICSBB223F00B277,1
179,10:47:10,25SQCMICSBB223F00B277,2
180,10:57:41,25SQCMICSBB223F00B277,2
181,10:57:42,25SQCMICSBB223F00B277,1
182,10:57:42,25SQCMICSBB223F00B277,2
183,10:57:43,25SQCMICSBB223F00B277,1
184,11:08:31,25SQCMICSBB223F00B277,1
185,11:08:32,25SQCMICSBB223F00B277,2
186,12:27:26,25SQCMICSBB223F00B277,2
187,12:27:28,25SQCMICSBB223F00B277,1
188,12:35:45,25SQCMICSBB223F00B277,1
189,12:35:46,25SQCMICSBB223F00B277,2
190,13:09:20,25SQCMICSBB223F00B277,2
191,13:09:22,25SQCMICSBB223F00B277,1
192,13:09:22,25SQCMICSBB223F00B277,2
193,13:17:48,25SQCMICSBB223F00B277,1
194,13:17:48,25SQCMICSBB223F00B277,2
195,13:17:48,25SQCMICSBB223F00B277,1
196,13:17:48,25SQCMICSBB223F00B277,2
197,13:17:49,25SQCMICSBB223F00B277,1
198,13:17:49,25SQCMICSBB223F00B277,2
199,13:17:49,25SQCMICSBB223F00B277,1
200,13:17:49,25SQCMICSBB223F00B277,2
201,13:17:49,25SQCMICSBB223F00B277,1
202,13:17:49,25SQCMICSBB223F00B277,2
203,13:17:50,25SQCMICSBB223F00B277,1
204,13:17:50,25SQCMICSBB223F00B277,2
205,14:57:24,25SQCMICSBB223F00B277,2
206,14:57:24,25SQCMICSBB223F00B277,1
207,14:57:24,25SQCMICSBB223F00B277,2
208,14:57:24,25SQCMICSBB223F00B277,1
209,15:40:12,25SQCMICSBB223F00B277,1
210,15:40:14,25SQCMICSBB223F00B277,2
211,14:20:20,25SQCMICSBB23D000B1FE,2
212,14:20:21,25SQCMICSBB23D000B1FE,1
213,14:20:21,25SQCMICSBB23D000B1FE,2
214,14:20:21,25SQCMICSBB23D000B1FE,1
215,14:20:21,25SQCMICSBB23D000B1FE,2
216,14:20:21,25SQCMICSBB23D000B1FE,1
217,14:20:21,25SQCMICSBB23D000B1FE,2
218,14:20:22,25SQCMICSBB23D000B1FE,1
219,14:27:37,25SQCMICSBB23D000B1FE,1
220,14:27:37,25SQCMICSBB23D000B1FE,2
221,14:27:37,25SQCMICSBB23D000B1FE,1
222,14:27:37,25SQCMICSBB23D000B1FE,2
223,10:56:10,25SQCMICSBB256500B0A5,2
224,10:56:11,25SQCMICSBB256500B0A5,1
225,10:56:11,25SQCMICSBB256500B0A5,2
226,11:11:16,25SQCMICSBB256500B0A5,1
227,11:11:16,25SQCMICSBB256500B0A5,2
228,11:20:33,25SQCMICSBB256500B0A5,2
229,11:20:34,25SQCMICSBB256500B0A5,1
230,11:32:07,25SQCMICSBB256500B0A5,1
231,11:32:08,25SQCMICSBB256500B0A5,2
232,15:08:33,25SQCMICSBB256500B0A5,2
233,15:17:49,25SQCMICSBB256500B0A5,1
234,15:19:09,25SQCMICSBB256500B0A5,1
235,15:19:09,25SQCMICSBB256500B0A5,2
236,15:19:09,25SQCMICSBB256500B0A5,1
237,15:19:09,25SQCMICSBB256500B0A5,2
238,14:38:21,25SQCMICSBB26B800B147,2
239,14:38:25,25SQCMICSBB26B800B147,1
240,14:38:25,25SQCMICSBB26B800B147,2
241,14:38:25,25SQCMICSBB26B800B147,1
242,14:38:25,25SQCMICSBB26B800B147,2
243,14:38:26,25SQCMICSBB26B800B147,1
244,14:38:26,25SQCMICSBB26B800B147,2
245,14:38:26,25SQCMICSBB26B800B147,1
246,14:38:26,25SQCMICSBB26B800B147,2
247,14:38:26,25SQCMICSBB26B800B147,1
248,14:38:26,25SQCMICSBB26B800B147,2
249,14:38:26,25SQCMICSBB26B800B147,1
250,14:38:26,25SQCMICSBB26B800B147,2
251,14:38:26,25SQCMICSBB26B800B147,1
252,14:38:26,25SQCMICSBB26B800B147,2
253,14:38:27,25SQCMICSBB26B800B147,1
254,14:38:27,25SQCMICSBB26B800B147,2
255,14:38:27,25SQCMICSBB26B800B147,1
256,14:38:27,25SQCMICSBB26B800B147,2
257,14:38:27,25SQCMICSBB26B800B147,1
258,14:38:27,25SQCMICSBB26B800B147,2
259,14:38:27,25SQCMICSBB26B800B147,1
260,14:38:27,25SQCMICSBB26B800B147,2
261,14:38:28,25SQCMICSBB26B800B147,1
262,14:55:29,25SQCMICSBB26B800B147,1
263,14:55:32,25SQCMICSBB26B800B147,2
264,14:55:32,25SQCMICSBB26B800B147,1
265,14:55:32,25SQCMICSBB26B800B147,2
266,14:55:33,25SQCMICSBB26B800B147,1
267,14:55:33,25SQCMICSBB26B800B147,2
268,12:54:35,25SQCMICSBB26B900B0A1,1
269,12:54:36,25SQCMICSBB26B900B0A1,2
270,12:54:37,25SQCMICSBB26B900B0A1,2
271,13:15:39,25SQCMICSBB26B900B0A1,2
272,13:15:40,25SQCMICSBB26B900B0A1,2
273,13:15:40,25SQCMICSBB26B900B0A1,2
274,13:15:40,25SQCMICSBB26B900B0A1,2
275,13:15:41,25SQCMICSBB26B900B0A1,1
276,15:00:00,25SQCMICSBB26B900B0A1,1
277,15:00:01,25SQCMICSBB26B900B0A1,2
278,15:00:02,25SQCMICSBB26B900B0A1,1
279,15:00:02,25SQCMICSBB26B900B0A1,2
280,15:00:02,25SQCMICSBB26B900B0A1,1
281,15:00:04,25SQCMICSBB26B900B0A1,2
282,15:17:01,25SQCMICSBB26B900B0A1,2
283,15:17:02,25SQCMICSBB26B900B0A1,1
284,15:17:02,25SQCMICSBB26B900B0A1,2
285,15:17:02,25SQCMICSBB26B900B0A1,1
286,15:17:02,25SQCMICSBB26B900B0A1,2
287,15:54:54,25SQCMICSBB26B900B0A1,2
288,16:03:20,25SQCMICSBB26B900B0A1,2
289,16:03:21,25SQCMICSBB26B900B0A1,1
290,16:03:21,25SQCMICSBB26B900B0A1,2
291,16:03:21,25SQCMICSBB26B900B0A1,1
292,16:03:21,25SQCMICSBB26B900B0A1,2
293,16:03:21,25SQCMICSBB26B900B0A1,1
294,16:03:21,25SQCMICSBB26B900B0A1,2
295,16:03:21,25SQCMICSBB26B900B0A1,1
296,16:47:38,25SQCMICSBB26B900B0A1,1
297,16:47:40,25SQCMICSBB26B900B0A1,2
298,17:14:14,25SQCMICSBB26B900B0A1,2
299,17:14:16,25SQCMICSBB26B900B0A1,1
300,17:39:50,25SQCMICSBB26B900B0A1,2
301,17:39:51,25SQCMICSBB26B900B0A1,1
302,17:39:51,25SQCMICSBB26B900B0A1,2
303,17:59:34,25SQCMICSBB26B900B0A1,2
304,17:59:35,25SQCMICSBB26B900B0A1,1
305,18:17:15,25SQCMICSBB26B900B0A1,1
306,18:17:17,25SQCMICSBB26B900B0A1,2
307,13:48:31,25SQCMICSBB26BC00B2CC,2
308,13:48:35,25SQCMICSBB26BC00B2CC,1
309,13:48:35,25SQCMICSBB26BC00B2CC,2
310,13:53:14,25SQCMICSBB26BC00B2CC,1
311,13:53:15,25SQCMICSBB26BC00B2CC,2
312,14:34:30,25SQCMICSBB26BC00B2CC,2
313,14:34:32,25SQCMICSBB26BC00B2CC,1
314,14:34:32,25SQCMICSBB26BC00B2CC,2
315,14:34:32,25SQCMICSBB26BC00B2CC,1
316,14:38:00,25SQCMICSBB26BC00B2CC,1
317,14:38:09,25SQCMICSBB26BC00B2CC,1
318,14:38:10,25SQCMICSBB26BC00B2CC,2
319,14:52:00,25SQCMICSBB275300B121,2
320,14:52:00,25SQCMICSBB275300B121,1
321,14:52:00,25SQCMICSBB275300B121,2
322,14:52:00,25SQCMICSBB275300B121,1
323,14:52:00,25SQCMICSBB275300B121,2
324,14:52:00,25SQCMICSBB275300B121,1
325,14:52:05,25SQCMICSBB275300B121,1
326,14:53:52,25SQCMICSBB275300B121,1
327,14:53:52,25SQCMICSBB275300B121,2
328,14:53:52,25SQCMICSBB275300B121,1
329,14:53:52,25SQCMICSBB275300B121,2
330,14:54:10,25SQCMICSBB275300B121,2
331,15:32:12,25SQCMICSBB275700B2EE,2
332,15:32:14,25SQCMICSBB275700B2EE,1
333,15:38:40,25SQCMICSBB275700B2EE,1
334,15:38:41,25SQCMICSBB275700B2EE,2
335,15:33:06,25SQCMICSBB3B6400B294,2
336,15:33:07,25SQCMICSBB3B6400B294,1
337,15:33:47,25SQCMICSBB3B6400B294,1
338,15:33:48,25SQCMICSBB3B6400B294,2
339,14:18:09,25SQCMICSBB3B8D00B160,2
340,14:18:09,25SQCMICSBB3B8D00B160,1
341,14:18:09,25SQCMICSBB3B8D00B160,2
342,14:18:10,25SQCMICSBB3B8D00B160,2
343,14:18:11,25SQCMICSBB3B8D00B160,1
344,14:18:11,25SQCMICSBB3B8D00B160,2
345,14:18:12,25SQCMICSBB3B8D00B160,1
346,14:18:12,25SQCMICSBB3B8D00B160,2
347,14:18:12,25SQCMICSBB3B8D00B160,1
348,14:18:12,25SQCMICSBB3B8D00B160,2
349,14:18:13,25SQCMICSBB3B8D00B160,1
350,14:18:13,25SQCMICSBB3B8D00B160,2
351,14:18:13,25SQCMICSBB3B8D00B160,1
352,14:18:13,25SQCMICSBB3B8D00B160,2
353,14:18:13,25SQCMICSBB3B8D00B160,1
354,14:18:13,25SQCMICSBB3B8D00B160,2
355,14:18:13,25SQCMICSBB3B8D00B160,1
356,14:18:13,25SQCMICSBB3B8D00B160,2
357,14:18:14,25SQCMICSBB3B8D00B160,1
358,14:18:14,25SQCMICSBB3B8D00B160,2
359,14:18:14,25SQCMICSBB3B8D00B160,1
360,14:18:14,25SQCMICSBB3B8D00B160,2
361,14:18:14,25SQCMICSBB3B8D00B160,1
362,14:18:14,25SQCMICSBB3B8D00B160,2
363,14:18:14,25SQCMICSBB3B8D00B160,1
364,14:18:14,25SQCMICSBB3B8D00B160,2
365,14:18:15,25SQCMICSBB3B8D00B160,1
366,14:18:15,25SQCMICSBB3B8D00B160,2
367,14:18:15,25SQCMICSBB3B8D00B160,1
368,14:18:15,25SQCMICSBB3B8D00B160,2
369,14:18:15,25SQCMICSBB3B8D00B160,1
370,14:18:15,25SQCMICSBB3B8D00B160,2
371,14:18:15,25SQCMICSBB3B8D00B160,1
372,14:18:15,25SQCMICSBB3B8D00B160,2
373,14:18:16,25SQCMICSBB3B8D00B160,1
374,14:18:16,25SQCMICSBB3B8D00B160,2
375,14:18:16,25SQCMICSBB3B8D00B160,1
376,14:18:16,25SQCMICSBB3B8D00B160,2
377,14:18:16,25SQCMICSBB3B8D00B160,1
378,14:18:16,25SQCMICSBB3B8D00B160,2
379,14:18:16,25SQCMICSBB3B8D00B160,1
380,14:18:16,25SQCMICSBB3B8D00B160,2
381,14:18:16,25SQCMICSBB3B8D00B160,1
382,14:18:16,25SQCMICSBB3B8D00B160,2
383,14:18:17,25SQCMICSBB3B8D00B160,1
384,14:18:17,25SQCMICSBB3B8D00B160,2
385,14:18:17,25SQCMICSBB3B8D00B160,1
386,14:18:17,25SQCMICSBB3B8D00B160,2
387,14:18:17,25SQCMICSBB3B8D00B160,1
388,14:18:17,25SQCMICSBB3B8D00B160,2
389,14:18:17,25SQCMICSBB3B8D00B160,1
390,14:18:17,25SQCMICSBB3B8D00B160,2
391,14:18:18,25SQCMICSBB3B8D00B160,1
392,14:18:18,25SQCMICSBB3B8D00B160,2
393,14:18:18,25SQCMICSBB3B8D00B160,1
394,14:18:18,25SQCMICSBB3B8D00B160,2
395,14:18:18,25SQCMICSBB3B8D00B160,1
396,14:20:26,25SQCMICSBB3B8D00B160,1
397,14:20:28,25SQCMICSBB3B8D00B160,2
398,14:58:55,25SQCMICSBB3B8D00B160,2
399,14:59:00,25SQCMICSBB3B8D00B160,2
400,14:59:01,25SQCMICSBB3B8D00B160,1
401,14:59:01,25SQCMICSBB3B8D00B160,2
402,14:59:01,25SQCMICSBB3B8D00B160,1
403,15:05:54,25SQCMICSBB3B8D00B160,2
404,15:05:55,25SQCMICSBB3B8D00B160,2
405,10:06:20,25SQCMICSBB3F0A00B250,2
406,10:11:07,25SQCMICSBB3F0A00B250,1
407,10:11:08,25SQCMICSBB3F0A00B250,2
408,10:18:30,25SQCMICSBB3F0A00B250,2
409,10:18:31,25SQCMICSBB3F0A00B250,1
410,10:25:03,25SQCMICSBB3F0A00B250,1
411,10:25:03,25SQCMICSBB3F0A00B250,2
412,10:25:04,25SQCMICSBB3F0A00B250,1
413,10:25:04,25SQCMICSBB3F0A00B250,2
414,10:25:04,25SQCMICSBB3F0A00B250,1
415,10:25:04,25SQCMICSBB3F0A00B250,2
416,10:31:55,25SQCMICSBB3F0A00B250,1
417,10:43:32,25SQCMICSBB3F0A00B250,1
418,10:43:34,25SQCMICSBB3F0A00B250,2
419,10:51:30,25SQCMICSBB3F0A00B250,2
420,10:51:31,25SQCMICSBB3F0A00B250,1
421,10:51:31,25SQCMICSBB3F0A00B250,2
422,10:51:31,25SQCMICSBB3F0A00B250,1
423,10:51:31,25SQCMICSBB3F0A00B250,2
424,10:51:32,25SQCMICSBB3F0A00B250,1
425,11:00:59,25SQCMICSBB3F0A00B250,1
426,11:01:00,25SQCMICSBB3F0A00B250,2
427,11:08:06,25SQCMICSBB3F0A00B250,2
428,11:08:07,25SQCMICSBB3F0A00B250,1
429,11:08:07,25SQCMICSBB3F0A00B250,2
430,11:08:08,25SQCMICSBB3F0A00B250,1
431,11:08:08,25SQCMICSBB3F0A00B250,2
432,11:08:08,25SQCMICSBB3F0A00B250,1
433,11:08:08,25SQCMICSBB3F0A00B250,2
434,11:08:08,25SQCMICSBB3F0A00B250,1
435,11:16:45,25SQCMICSBB3F0A00B250,1
436,11:16:45,25SQCMICSBB3F0A00B250,2
437,11:30:39,25SQCMICSBB3F0A00B250,2
438,11:35:00,25SQCMICSBB3F0A00B250,1
439,11:35:01,25SQCMICSBB3F0A00B250,2
440,11:54:48,25SQCMICSBB3F0A00B250,2
441,11:54:53,25SQCMICSBB3F0A00B250,2
442,11:54:57,25SQCMICSBB3F0A00B250,1
443,11:58:11,25SQCMICSBB3F0A00B250,1
444,11:58:12,25SQCMICSBB3F0A00B250,2
445,12:27:50,25SQCMICSBB3F0A00B250,2
446,12:27:52,25SQCMICSBB3F0A00B250,1
447,12:27:52,25SQCMICSBB3F0A00B250,2
448,12:27:52,25SQCMICSBB3F0A00B250,1
449,12:32:34,25SQCMICSBB3F0A00B250,1
450,12:32:35,25SQCMICSBB3F0A00B250,2
451,12:38:02,25SQCMICSBB3F0A00B250,2
452,12:38:02,25SQCMICSBB3F0A00B250,1
453,12:38:02,25SQCMICSBB3F0A00B250,2
454,12:38:02,25SQCMICSBB3F0A00B250,1
455,12:43:59,25SQCMICSBB3F0A00B250,1
456,12:43:59,25SQCMICSBB3F0A00B250,2
457,12:51:45,25SQCMICSBB3F0A00B250,2
458,12:51:49,25SQCMICSBB3F0A00B250,1
459,12:51:49,25SQCMICSBB3F0A00B250,2
460,12:51:49,25SQCMICSBB3F0A00B250,1
461,13:00:28,25SQCMICSBB3F0A00B250,1
462,13:00:28,25SQCMICSBB3F0A00B250,2
463,13:00:28,25SQCMICSBB3F0A00B250,1
464,13:00:28,25SQCMICSBB3F0A00B250,2
465,13:07:30,25SQCMICSBB3F0A00B250,2
466,13:07:30,25SQCMICSBB3F0A00B250,1
467,13:07:30,25SQCMICSBB3F0A00B250,2
468,13:07:31,25SQCMICSBB3F0A00B250,1
469,13:07:31,25SQCMICSBB3F0A00B250,2
470,13:07:31,25SQCMICSBB3F0A00B250,1
471,13:07:31,25SQCMICSBB3F0A00B250,2
472,13:07:31,25SQCMICSBB3F0A00B250,1
473,13:07:31,25SQCMICSBB3F0A00B250,2
474,13:07:31,25SQCMICSBB3F0A00B250,1
475,13:07:31,25SQCMICSBB3F0A00B250,2
476,13:07:32,25SQCMICSBB3F0A00B250,1
477,13:15:45,25SQCMICSBB3F0A00B250,1
478,13:15:45,25SQCMICSBB3F0A00B250,2
479,13:24:04,25SQCMICSBB3F0A00B250,2
480,13:24:05,25SQCMICSBB3F0A00B250,1
481,13:24:05,25SQCMICSBB3F0A00B250,2
482,13:24:05,25SQCMICSBB3F0A00B250,1
483,13:24:05,25SQCMICSBB3F0A00B250,2
484,13:24:06,25SQCMICSBB3F0A00B250,1
485,13:35:18,25SQCMICSBB3F0A00B250,1
486,13:35:18,25SQCMICSBB3F0A00B250,2
487,13:35:19,25SQCMICSBB3F0A00B250,1
488,13:35:20,25SQCMICSBB3F0A00B250,2
489,13:40:22,25SQCMICSBB3F0A00B250,2
490,13:40:24,25SQCMICSBB3F0A00B250,1
491,13:40:24,25SQCMICSBB3F0A00B250,2
492,13:40:24,25SQCMICSBB3F0A00B250,1
493,13:49:56,25SQCMICSBB3F0A00B250,1
494,13:49:57,25SQCMICSBB3F0A00B250,2
495,13:58:13,25SQCMICSBB3F0A00B250,2
496,13:58:13,25SQCMICSBB3F0A00B250,1
497,14:07:30,25SQCMICSBB3F0A00B250,1
498,14:07:32,25SQCMICSBB3F0A00B250,2
499,14:12:38,25SQCMICSBB3F0A00B250,2
500,14:12:39,25SQCMICSBB3F0A00B250,1
501,14:24:00,25SQCMICSBB3F0A00B250,1
502,14:24:00,25SQCMICSBB3F0A00B250,2
503,14:30:42,25SQCMICSBB3F0A00B250,2
504,14:30:42,25SQCMICSBB3F0A00B250,1
505,14:41:39,25SQCMICSBB3F0A00B250,1
506,14:41:39,25SQCMICSBB3F0A00B250,2
507,14:41:40,25SQCMICSBB3F0A00B250,1
508,14:41:40,25SQCMICSBB3F0A00B250,2
509,14:41:40,25SQCMICSBB3F0A00B250,1
510,14:41:40,25SQCMICSBB3F0A00B250,2
511,14:41:40,25SQCMICSBB3F0A00B250,1
512,14:41:40,25SQCMICSBB3F0A00B250,2
513,14:48:03,25SQCMICSBB3F0A00B250,2
514,14:48:04,25SQCMICSBB3F0A00B250,1
515,14:48:04,25SQCMICSBB3F0A00B250,2
516,14:48:04,25SQCMICSBB3F0A00B250,1
517,15:00:13,25SQCMICSBB3F0A00B250,1
518,15:00:13,25SQCMICSBB3F0A00B250,2
519,15:00:13,25SQCMICSBB3F0A00B250,1
520,15:00:14,25SQCMICSBB3F0A00B250,2
521,15:04:53,25SQCMICSBB3F0A00B250,2
522,15:04:54,25SQCMICSBB3F0A00B250,1
523,15:04:54,25SQCMICSBB3F0A00B250,2
524,15:14:07,25SQCMICSBB3F0A00B250,1
525,15:14:09,25SQCMICSBB3F0A00B250,2
526,15:28:56,25SQCMICSBB3F0A00B250,2
527,15:40:36,25SQCMICSBB3F0A00B250,1
528,15:40:36,25SQCMICSBB3F0A00B250,2
529,15:45:40,25SQCMICSBB3F0A00B250,2
530,15:45:41,25SQCMICSBB3F0A00B250,1
531,15:45:41,25SQCMICSBB3F0A00B250,2
532,15:45:41,25SQCMICSBB3F0A00B250,1
533,15:51:55,25SQCMICSBB3F0A00B250,1
534,15:51:56,25SQCMICSBB3F0A00B250,2
535,14:46:17,25SQCMICSBB3FB600B1C9,2
536,14:46:18,25SQCMICSBB3FB600B1C9,1
537,14:46:18,25SQCMICSBB3FB600B1C9,2
538,14:46:18,25SQCMICSBB3FB600B1C9,1
539,14:46:21,25SQCMICSBB3FB600B1C9,2
540,14:46:21,25SQCMICSBB3FB600B1C9,1
541,14:46:28,25SQCMICSBB3FB600B1C9,1
542,14:51:16,25SQCMICSBB3FB600B1C9,1
543,14:51:16,25SQCMICSBB3FB600B1C9,2
544,15:09:15,25SQCMICSBB3FB600B1C9,2
545,15:36:35,25SQCMICSBB3FB600B1C9,2
546,15:36:37,25SQCMICSBB3FB600B1C9,1
547,15:36:37,25SQCMICSBB3FB600B1C9,2
548,15:38:50,25SQCMICSBB3FB600B1C9,1
549,15:38:52,25SQCMICSBB3FB600B1C9,2
550,10:06:00,25SQCMICSBB418C00B272,2
551,10:06:00,25SQCMICSBB418C00B272,1
552,10:06:00,25SQCMICSBB418C00B272,2
553,10:12:18,25SQCMICSBB418C00B272,1
554,10:12:18,25SQCMICSBB418C00B272,2
555,10:12:18,25SQCMICSBB418C00B272,1
556,10:12:18,25SQCMICSBB418C00B272,2
557,10:24:59,25SQCMICSBB418C00B272,1
558,10:25:00,25SQCMICSBB418C00B272,2
559,10:28:29,25SQCMICSBB418C00B272,2
560,10:28:29,25SQCMICSBB418C00B272,1
561,10:28:29,25SQCMICSBB418C00B272,2
562,10:28:29,25SQCMICSBB418C00B272,1
563,10:28:29,25SQCMICSBB418C00B272,2
564,10:28:30,25SQCMICSBB418C00B272,1
565,10:28:30,25SQCMICSBB418C00B272,2
566,10:28:30,25SQCMICSBB418C00B272,1
567,10:28:30,25SQCMICSBB418C00B272,2
568,10:28:30,25SQCMICSBB418C00B272,1
569,10:37:51,25SQCMICSBB418C00B272,1
570,10:37:54,25SQCMICSBB418C00B272,2
571,10:41:03,25SQCMICSBB418C00B272,2
572,10:41:03,25SQCMICSBB418C00B272,1
573,10:41:03,25SQCMICSBB418C00B272,2
574,10:41:04,25SQCMICSBB418C00B272,1
575,10:50:36,25SQCMICSBB418C00B272,1
576,10:50:37,25SQCMICSBB418C00B272,2
577,11:04:11,25SQCMICSBB418C00B272,1
578,11:04:11,25SQCMICSBB418C00B272,2
579,11:09:44,25SQCMICSBB418C00B272,2
580,11:19:23,25SQCMICSBB418C00B272,1
581,11:19:24,25SQCMICSBB418C00B272,2
582,11:22:01,25SQCMICSBB418C00B272,2
583,11:22:02,25SQCMICSBB418C00B272,1
584,11:22:02,25SQCMICSBB418C00B272,2
585,11:31:47,25SQCMICSBB418C00B272,1
586,11:31:47,25SQCMICSBB418C00B272,2
587,11:36:39,25SQCMICSBB418C00B272,2
588,15:43:12,25SQCMICSBB44E000B124,2
589,15:43:14,25SQCMICSBB44E000B124,1
590,15:43:14,25SQCMICSBB44E000B124,2
591,15:43:14,25SQCMICSBB44E000B124,1
592,15:43:14,25SQCMICSBB44E000B124,2
593,15:43:14,25SQCMICSBB44E000B124,1
594,15:43:18,25SQCMICSBB44E000B124,2
595,15:48:19,25SQCMICSBB44E000B124,2
596,15:48:20,25SQCMICSBB44E000B124,1
597,10:56:22,25SQCMICSBB46D600B0A0,2
598,10:56:23,25SQCMICSBB46D600B0A0,1
599,11:11:48,25SQCMICSBB46D600B0A0,1
600,11:11:48,25SQCMICSBB46D600B0A0,2
601,12:56:04,25SQCMICSBB46D600B0A0,2
602,12:56:06,25SQCMICSBB46D600B0A0,1
603,15:38:02,25SQCMICSBB46D600B0A0,1
604,15:38:03,25SQCMICSBB46D600B0A0,2
605,15:33:18,25SQCMICSBB58D700B291,2
606,15:33:21,25SQCMICSBB58D700B291,1
607,15:33:21,25SQCMICSBB58D700B291,2
608,15:33:21,25SQCMICSBB58D700B291,1
609,15:33:21,25SQCMICSBB58D700B291,2
610,15:33:21,25SQCMICSBB58D700B291,1
611,15:33:23,25SQCMICSBB58D700B291,2
612,15:04:03,25SQCMICSBB5AF000B1F7,2
613,15:04:04,25SQCMICSBB5AF000B1F7,1
614,15:04:11,25SQCMICSBB5AF000B1F7,1
615,15:11:13,25SQCMICSBB5AF000B1F7,1
616,15:11:14,25SQCMICSBB5AF000B1F7,2
617,14:33:07,25SQCMICSBB5E8A00B1DC,2
618,14:33:11,25SQCMICSBB5E8A00B1DC,1
619,14:33:11,25SQCMICSBB5E8A00B1DC,2
620,14:33:11,25SQCMICSBB5E8A00B1DC,1
621,14:33:11,25SQCMICSBB5E8A00B1DC,2
622,14:46:52,25SQCMICSBB5E8A00B1DC,1
623,14:46:52,25SQCMICSBB5E8A00B1DC,2
624,14:46:52,25SQCMICSBB5E8A00B1DC,1
625,14:46:52,25SQCMICSBB5E8A00B1DC,2
626,14:58:33,25SQCMICSBB5E8E00B237,2
627,14:58:35,25SQCMICSBB5E8E00B237,1
628,15:28:07,25SQCMICSBB606300B149,2
629,15:28:09,25SQCMICSBB606300B149,1
630,15:28:09,25SQCMICSBB606300B149,2
631,15:28:09,25SQCMICSBB606300B149,1
632,15:28:09,25SQCMICSBB606300B149,2
633,15:32:47,25SQCMICSBB606300B149,1
634,15:33:39,25SQCMICSBB606300B149,1
635,15:33:40,25SQCMICSBB606300B149,2
636,15:01:34,25SQCMICSBB644800B284,2
637,15:01:37,25SQCMICSBB644800B284,1
638,15:01:37,25SQCMICSBB644800B284,2
639,15:01:37,25SQCMICSBB644800B284,1
640,15:01:37,25SQCMICSBB644800B284,2
641,15:01:37,25SQCMICSBB644800B284,1
642,15:07:02,25SQCMICSBB644800B284,1
643,15:07:03,25SQCMICSBB644800B284,2
644,15:07:07,25SQCMICSBB644800B284,1
645,15:07:07,25SQCMICSBB644800B284,2
646,15:07:07,25SQCMICSBB644800B284,1
647,15:07:16,25SQCMICSBB644800B284,1
648,15:07:17,25SQCMICSBB644800B284,2
649,15:09:50,25SQCMICSBB799000B2BC,2
650,15:09:52,25SQCMICSBB799000B2BC,1
651,15:09:52,25SQCMICSBB799000B2BC,2
652,15:09:52,25SQCMICSBB799000B2BC,1
653,14:59:32,25SQCMICSBB7A4800B153,2
654,14:59:35,25SQCMICSBB7A4800B153,1
655,14:59:35,25SQCMICSBB7A4800B153,2
656,14:59:35,25SQCMICSBB7A4800B153,1
657,15:07:26,25SQCMICSBB7A4800B153,1
658,15:07:30,25SQCMICSBB7A4800B153,2
659,15:33:31,25SQCMICSBB7B5A00B1E5,2
660,15:33:31,25SQCMICSBB7B5A00B1E5,1
661,15:33:31,25SQCMICSBB7B5A00B1E5,2
662,15:35:21,25SQCMICSBB7B5A00B1E5,1
663,15:35:21,25SQCMICSBB7B5A00B1E5,2
664,14:18:08,25SQCMICSBB7CBD00B108,2
665,14:18:09,25SQCMICSBB7CBD00B108,2
666,14:18:09,25SQCMICSBB7CBD00B108,2
667,14:18:10,25SQCMICSBB7CBD00B108,1
668,14:20:55,25SQCMICSBB7CBD00B108,1
669,14:20:58,25SQCMICSBB7CBD00B108,2
670,11:00:21,25SQCMICSBB804500B0ED,2
671,11:00:22,25SQCMICSBB804500B0ED,1
672,11:06:30,25SQCMICSBB804500B0ED,2
673,11:06:30,25SQCMICSBB804500B0ED,1
674,11:06:30,25SQCMICSBB804500B0ED,2
675,11:06:33,25SQCMICSBB804500B0ED,1
676,11:06:33,25SQCMICSBB804500B0ED,2
677,11:06:34,25SQCMICSBB804500B0ED,1
678,11:06:34,25SQCMICSBB804500B0ED,2
679,11:06:34,25SQCMICSBB804500B0ED,1
680,11:06:34,25SQCMICSBB804500B0ED,2
681,13:45:45,25SQCMICSBB804500B0ED,2
682,13:45:46,25SQCMICSBB804500B0ED,1
683,13:49:02,25SQCMICSBB804500B0ED,1
684,13:49:05,25SQCMICSBB804500B0ED,2
685,10:46:57,25SQCMICSBB84C700B1D6,2
686,10:47:00,25SQCMICSBB84C700B1D6,1
687,10:47:00,25SQCMICSBB84C700B1D6,2
688,10:47:00,25SQCMICSBB84C700B1D6,1
689,10:47:00,25SQCMICSBB84C700B1D6,2
690,10:47:00,25SQCMICSBB84C700B1D6,1
691,10:47:00,25SQCMICSBB84C700B1D6,2
692,10:47:01,25SQCMICSBB84C700B1D6,1
693,10:47:01,25SQCMICSBB84C700B1D6,2
694,10:47:01,25SQCMICSBB84C700B1D6,1
695,10:47:01,25SQCMICSBB84C700B1D6,2
696,10:47:01,25SQCMICSBB84C700B1D6,1
697,10:47:01,25SQCMICSBB84C700B1D6,2
698,10:47:01,25SQCMICSBB84C700B1D6,1
699,10:47:01,25SQCMICSBB84C700B1D6,2
700,10:47:01,25SQCMICSBB84C700B1D6,1
701,10:47:01,25SQCMICSBB84C700B1D6,2
702,10:47:02,25SQCMICSBB84C700B1D6,1
703,10:47:02,25SQCMICSBB84C700B1D6,2
704,10:47:02,25SQCMICSBB84C700B1D6,1
705,10:47:02,25SQCMICSBB84C700B1D6,2
706,10:47:02,25SQCMICSBB84C700B1D6,1
707,10:47:02,25SQCMICSBB84C700B1D6,2
708,10:47:03,25SQCMICSBB84C700B1D6,1
709,10:47:03,25SQCMICSBB84C700B1D6,2
710,10:47:03,25SQCMICSBB84C700B1D6,1
711,10:47:03,25SQCMICSBB84C700B1D6,2
712,10:47:03,25SQCMICSBB84C700B1D6,1
713,10:47:03,25SQCMICSBB84C700B1D6,2
714,10:47:03,25SQCMICSBB84C700B1D6,1
715,10:47:03,25SQCMICSBB84C700B1D6,2
716,10:47:04,25SQCMICSBB84C700B1D6,1
717,10:47:04,25SQCMICSBB84C700B1D6,2
718,10:47:04,25SQCMICSBB84C700B1D6,1
719,10:47:04,25SQCMICSBB84C700B1D6,2
720,10:47:04,25SQCMICSBB84C700B1D6,1
721,10:47:04,25SQCMICSBB84C700B1D6,2
722,10:47:04,25SQCMICSBB84C700B1D6,1
723,10:47:04,25SQCMICSBB84C700B1D6,2
724,10:47:04,25SQCMICSBB84C700B1D6,1
725,10:47:04,25SQCMICSBB84C700B1D6,2
726,10:47:05,25SQCMICSBB84C700B1D6,1
727,10:47:05,25SQCMICSBB84C700B1D6,2
728,10:47:05,25SQCMICSBB84C700B1D6,1
729,10:47:05,25SQCMICSBB84C700B1D6,2
730,10:47:05,25SQCMICSBB84C700B1D6,1
731,10:47:05,25SQCMICSBB84C700B1D6,2
732,10:47:05,25SQCMICSBB84C700B1D6,1
733,10:47:05,25SQCMICSBB84C700B1D6,2
734,10:47:06,25SQCMICSBB84C700B1D6,1
735,10:47:10,25SQCMICSBB84C700B1D6,1
736,10:47:10,25SQCMICSBB84C700B1D6,2
737,10:47:10,25SQCMICSBB84C700B1D6,1
738,10:47:10,25SQCMICSBB84C700B1D6,2
739,10:47:10,25SQCMICSBB84C700B1D6,1
740,10:47:10,25SQCMICSBB84C700B1D6,2
741,10:47:11,25SQCMICSBB84C700B1D6,1
742,10:47:11,25SQCMICSBB84C700B1D6,2
743,10:47:11,25SQCMICSBB84C700B1D6,1
744,10:47:11,25SQCMICSBB84C700B1D6,2
745,10:47:11,25SQCMICSBB84C700B1D6,1
746,10:52:50,25SQCMICSBB84C700B1D6,1
747,10:52:50,25SQCMICSBB84C700B1D6,2
748,10:52:51,25SQCMICSBB84C700B1D6,1
749,10:52:52,25SQCMICSBB84C700B1D6,2
750,13:15:38,25SQCMICSBB84C700B1D6,2
751,13:15:39,25SQCMICSBB84C700B1D6,2
752,13:15:39,25SQCMICSBB84C700B1D6,1
753,13:15:39,25SQCMICSBB84C700B1D6,2
754,13:15:40,25SQCMICSBB84C700B1D6,1
755,13:15:40,25SQCMICSBB84C700B1D6,2
756,13:15:40,25SQCMICSBB84C700B1D6,1
757,13:15:40,25SQCMICSBB84C700B1D6,2
758,13:15:40,25SQCMICSBB84C700B1D6,1
759,13:15:40,25SQCMICSBB84C700B1D6,2
760,13:15:40,25SQCMICSBB84C700B1D6,1
761,13:15:41,25SQCMICSBB84C700B1D6,1
762,13:20:49,25SQCMICSBB84C700B1D6,1
763,13:20:50,25SQCMICSBB84C700B1D6,2
764,15:35:37,25SQCMICSBB87E600B2EF,2
765,15:35:41,25SQCMICSBB87E600B2EF,1
766,15:35:41,25SQCMICSBB87E600B2EF,2
767,15:35:42,25SQCMICSBB87E600B2EF,1
768,15:35:47,25SQCMICSBB87E600B2EF,1
769,15:36:02,25SQCMICSBB87E600B2EF,1
770,15:36:08,25SQCMICSBB87E600B2EF,1
771,15:36:24,25SQCMICSBB87E600B2EF,1
772,15:36:29,25SQCMICSBB87E600B2EF,1
773,15:36:30,25SQCMICSBB87E600B2EF,2
774,14:13:19,25SQCMICSBB9A2E00B1F5,2
775,14:13:21,25SQCMICSBB9A2E00B1F5,1
776,14:44:13,25SQCMICSBB9B3C00B163,2
777,14:44:15,25SQCMICSBB9B3C00B163,1
778,14:44:15,25SQCMICSBB9B3C00B163,2
779,14:44:15,25SQCMICSBB9B3C00B163,1
780,14:44:15,25SQCMICSBB9B3C00B163,2
781,14:44:15,25SQCMICSBB9B3C00B163,1
782,14:44:15,25SQCMICSBB9B3C00B163,2
783,14:44:16,25SQCMICSBB9B3C00B163,1
784,14:44:16,25SQCMICSBB9B3C00B163,2
785,14:44:16,25SQCMICSBB9B3C00B163,1
786,14:44:16,25SQCMICSBB9B3C00B163,2
787,14:44:16,25SQCMICSBB9B3C00B163,1
788,14:44:16,25SQCMICSBB9B3C00B163,2
789,14:44:16,25SQCMICSBB9B3C00B163,1
790,14:44:16,25SQCMICSBB9B3C00B163,2
791,14:44:16,25SQCMICSBB9B3C00B163,1
792,14:48:30,25SQCMICSBB9B3C00B163,1
793,14:48:31,25SQCMICSBB9B3C00B163,2
794,15:36:07,25SQCMICSBB9EA900B2E5,2
795,15:36:09,25SQCMICSBB9EA900B2E5,1
796,15:37:13,25SQCMICSBB9EA900B2E5,1
797,15:37:15,25SQCMICSBB9EA900B2E5,2
798,11:03:19,25SQCMICSBB9EAD00B12A,1
799,11:03:21,25SQCMICSBB9EAD00B12A,2
800,11:24:11,25SQCMICSBB9EAD00B12A,2
801,11:24:18,25SQCMICSBB9EAD00B12A,1
802,11:51:30,25SQCMICSBB9EAD00B12A,1
803,11:51:31,25SQCMICSBB9EAD00B12A,2
804,11:57:12,25SQCMICSBB9EAD00B12A,2
805,11:57:17,25SQCMICSBB9EAD00B12A,2
806,11:57:18,25SQCMICSBB9EAD00B12A,1
807,11:57:18,25SQCMICSBB9EAD00B12A,2
808,11:57:18,25SQCMICSBB9EAD00B12A,1
809,12:15:39,25SQCMICSBB9EAD00B12A,1
810,12:15:39,25SQCMICSBB9EAD00B12A,2
811,12:22:00,25SQCMICSBB9EAD00B12A,2
812,12:22:02,25SQCMICSBB9EAD00B12A,1
813,12:50:35,25SQCMICSBB9EAD00B12A,1
814,12:50:36,25SQCMICSBB9EAD00B12A,2
815,12:50:38,25SQCMICSBB9EAD00B12A,1
816,12:50:38,25SQCMICSBB9EAD00B12A,2
817,12:50:39,25SQCMICSBB9EAD00B12A,1
818,12:50:41,25SQCMICSBB9EAD00B12A,2
819,12:54:58,25SQCMICSBB9EAD00B12A,2
820,12:54:59,25SQCMICSBB9EAD00B12A,1
821,12:54:59,25SQCMICSBB9EAD00B12A,2
822,12:55:00,25SQCMICSBB9EAD00B12A,1
823,13:51:58,25SQCMICSBB9EAD00B12A,1
824,13:51:59,25SQCMICSBB9EAD00B12A,2
825,13:52:00,25SQCMICSBB9EAD00B12A,1
826,13:52:00,25SQCMICSBB9EAD00B12A,2
827,13:52:00,25SQCMICSBB9EAD00B12A,1
828,13:52:00,25SQCMICSBB9EAD00B12A,2
829,13:52:01,25SQCMICSBB9EAD00B12A,1
830,13:52:02,25SQCMICSBB9EAD00B12A,2
831,13:59:59,25SQCMICSBB9EAD00B12A,2
832,14:00:01,25SQCMICSBB9EAD00B12A,1
833,15:54:36,25SQCMICSBB9EAD00B12A,1
834,15:54:37,25SQCMICSBB9EAD00B12A,2
835,16:19:40,25SQCMICSBB9EAD00B12A,2
836,16:19:45,25SQCMICSBB9EAD00B12A,2
837,16:19:48,25SQCMICSBB9EAD00B12A,1
838,18:34:58,25SQCMICSBB9EAD00B12A,1
839,18:34:59,25SQCMICSBB9EAD00B12A,2
840,14:16:51,25SQCMICSBBA27300B1D9,2
841,14:16:51,25SQCMICSBBA27300B1D9,1
842,14:16:51,25SQCMICSBBA27300B1D9,2
843,14:16:51,25SQCMICSBBA27300B1D9,1
844,14:21:45,25SQCMICSBBA27300B1D9,1
845,14:21:47,25SQCMICSBBA27300B1D9,2
846,10:04:01,25SQCMICSBBA49600B286,1
847,10:04:01,25SQCMICSBBA49600B286,2
848,12:43:16,25SQCMICSBBA49600B286,2
849,12:43:16,25SQCMICSBBA49600B286,1
850,12:43:16,25SQCMICSBBA49600B286,2
851,12:43:16,25SQCMICSBBA49600B286,1
852,12:43:16,25SQCMICSBBA49600B286,2
853,12:43:17,25SQCMICSBBA49600B286,1
854,12:43:17,25SQCMICSBBA49600B286,2
855,12:43:17,25SQCMICSBBA49600B286,1
856,12:55:22,25SQCMICSBBA49600B286,1
857,12:55:23,25SQCMICSBBA49600B286,2
858,13:30:55,25SQCMICSBBA49600B286,2
859,13:30:55,25SQCMICSBBA49600B286,1
860,13:30:55,25SQCMICSBBA49600B286,2
861,13:30:55,25SQCMICSBBA49600B286,1
862,13:52:09,25SQCMICSBBA49600B286,1
863,13:52:09,25SQCMICSBBA49600B286,2
864,13:52:09,25SQCMICSBBA49600B286,1
865,13:52:09,25SQCMICSBBA49600B286,2
866,15:04:35,25SQCMICSBBA49600B286,2
867,15:04:36,25SQCMICSBBA49600B286,1
868,15:04:36,25SQCMICSBBA49600B286,2
869,15:04:36,25SQCMICSBBA49600B286,1
870,15:47:10,25SQCMICSBBA49600B286,1
871,15:47:21,25SQCMICSBBA49600B286,1
872,15:47:30,25SQCMICSBBA49600B286,1
873,15:47:31,25SQCMICSBBA49600B286,2
874,15:47:31,25SQCMICSBBA49600B286,1
875,15:47:31,25SQCMICSBBA49600B286,2
876,10:10:14,25SQCMICSBBA59500B0D2,2
877,10:10:14,25SQCMICSBBA59500B0D2,1
878,10:10:14,25SQCMICSBBA59500B0D2,2
879,10:10:14,25SQCMICSBBA59500B0D2,1
880,10:10:14,25SQCMICSBBA59500B0D2,2
881,10:22:13,25SQCMICSBBA59500B0D2,1
882,10:22:14,25SQCMICSBBA59500B0D2,2
883,10:31:15,25SQCMICSBBA59500B0D2,2
884,10:31:16,25SQCMICSBBA59500B0D2,1
885,10:31:16,25SQCMICSBBA59500B0D2,2
886,10:51:19,25SQCMICSBBA59500B0D2,1
887,10:51:19,25SQCMICSBBA59500B0D2,2
888,10:58:06,25SQCMICSBBA59500B0D2,2
889,10:58:07,25SQCMICSBBA59500B0D2,1
890,10:58:07,25SQCMICSBBA59500B0D2,2
891,10:58:07,25SQCMICSBBA59500B0D2,1
892,10:58:07,25SQCMICSBBA59500B0D2,2
893,11:16:53,25SQCMICSBBA59500B0D2,1
894,11:16:54,25SQCMICSBBA59500B0D2,2
895,11:22:46,25SQCMICSBBA59500B0D2,2
896,11:22:47,25SQCMICSBBA59500B0D2,1
897,11:22:47,25SQCMICSBBA59500B0D2,2
898,11:22:47,25SQCMICSBBA59500B0D2,1
899,11:42:27,25SQCMICSBBA59500B0D2,1
900,11:42:27,25SQCMICSBBA59500B0D2,2
901,11:48:53,25SQCMICSBBA59500B0D2,2
902,11:48:54,25SQCMICSBBA59500B0D2,1
903,12:08:48,25SQCMICSBBA59500B0D2,1
904,12:08:49,25SQCMICSBBA59500B0D2,2
905,12:15:52,25SQCMICSBBA59500B0D2,2
906,12:15:52,25SQCMICSBBA59500B0D2,1
907,12:15:52,25SQCMICSBBA59500B0D2,2
908,12:37:10,25SQCMICSBBA59500B0D2,1
909,12:37:11,25SQCMICSBBA59500B0D2,2
910,12:54:36,25SQCMICSBBA59500B0D2,2
911,12:54:37,25SQCMICSBBA59500B0D2,1
912,12:54:37,25SQCMICSBBA59500B0D2,2
913,13:11:52,25SQCMICSBBA59500B0D2,1
914,13:11:53,25SQCMICSBBA59500B0D2,2
915,13:14:53,25SQCMICSBBA59500B0D2,2
916,13:14:53,25SQCMICSBBA59500B0D2,1
917,13:33:39,25SQCMICSBBA59500B0D2,1
918,13:33:39,25SQCMICSBBA59500B0D2,2
919,13:33:39,25SQCMICSBBA59500B0D2,1
920,13:33:39,25SQCMICSBBA59500B0D2,2
921,13:38:26,25SQCMICSBBA59500B0D2,2
922,13:53:30,25SQCMICSBBA59500B0D2,1
923,13:53:32,25SQCMICSBBA59500B0D2,2
924,13:53:32,25SQCMICSBBA59500B0D2,1
925,13:53:32,25SQCMICSBBA59500B0D2,2
926,13:56:43,25SQCMICSBBA59500B0D2,2
927,14:11:01,25SQCMICSBBA59500B0D2,1
928,14:11:03,25SQCMICSBBA59500B0D2,2
929,14:15:01,25SQCMICSBBA59500B0D2,2
930,14:15:02,25SQCMICSBBA59500B0D2,1
931,14:15:02,25SQCMICSBBA59500B0D2,2
932,14:15:02,25SQCMICSBBA59500B0D2,1
933,14:15:02,25SQCMICSBBA59500B0D2,2
934,14:15:02,25SQCMICSBBA59500B0D2,1
935,14:27:25,25SQCMICSBBA59500B0D2,1
936,14:27:26,25SQCMICSBBA59500B0D2,2
937,14:36:38,25SQCMICSBBA59500B0D2,2
938,14:36:39,25SQCMICSBBA59500B0D2,1
939,14:36:39,25SQCMICSBBA59500B0D2,2
940,14:36:39,25SQCMICSBBA59500B0D2,1
941,14:36:39,25SQCMICSBBA59500B0D2,2
942,14:36:39,25SQCMICSBBA59500B0D2,1
943,14:48:38,25SQCMICSBBA59500B0D2,1
944,14:48:38,25SQCMICSBBA59500B0D2,2
945,14:53:00,25SQCMICSBBBA2A00B2C8,2
946,14:53:03,25SQCMICSBBBA2A00B2C8,1
947,14:53:03,25SQCMICSBBBA2A00B2C8,2
948,14:53:03,25SQCMICSBBBA2A00B2C8,1
949,14:53:19,25SQCMICSBBBA2A00B2C8,1
950,14:59:34,25SQCMICSBBBA2A00B2C8,1
951,14:59:34,25SQCMICSBBBA2A00B2C8,2
952,14:59:34,25SQCMICSBBBA2A00B2C8,1
953,14:59:34,25SQCMICSBBBA2A00B2C8,2
954,14:59:34,25SQCMICSBBBA2A00B2C8,1
955,14:59:34,25SQCMICSBBBA2A00B2C8,2
956,15:36:38,25SQCMICSBBBA9600B151,2
957,15:36:39,25SQCMICSBBBA9600B151,1
958,15:36:39,25SQCMICSBBBA9600B151,2
959,15:36:39,25SQCMICSBBBA9600B151,1
960,15:44:27,25SQCMICSBBBA9600B151,1
961,15:44:28,25SQCMICSBBBA9600B151,2
962,10:11:18,25SQCMICSBBBE1100B261,2
963,10:11:18,25SQCMICSBBBE1100B261,1
964,10:24:33,25SQCMICSBBBE1100B261,1
965,10:24:34,25SQCMICSBBBE1100B261,2
966,10:31:06,25SQCMICSBBBE1100B261,2
967,10:31:07,25SQCMICSBBBE1100B261,1
968,10:31:07,25SQCMICSBBBE1100B261,2
969,10:31:07,25SQCMICSBBBE1100B261,1
970,10:31:07,25SQCMICSBBBE1100B261,2
971,10:31:07,25SQCMICSBBBE1100B261,1
972,10:31:07,25SQCMICSBBBE1100B261,2
973,10:31:07,25SQCMICSBBBE1100B261,1
974,10:48:32,25SQCMICSBBBE1100B261,1
975,10:48:33,25SQCMICSBBBE1100B261,2
976,10:56:06,25SQCMICSBBBE1100B261,2
977,10:56:07,25SQCMICSBBBE1100B261,1
978,10:56:07,25SQCMICSBBBE1100B261,2
979,10:56:07,25SQCMICSBBBE1100B261,1
980,10:56:08,25SQCMICSBBBE1100B261,2
981,10:56:08,25SQCMICSBBBE1100B261,1
982,11:12:08,25SQCMICSBBBE1100B261,1
983,11:12:09,25SQCMICSBBBE1100B261,2
984,11:19:51,25SQCMICSBBBE1100B261,2
985,11:19:52,25SQCMICSBBBE1100B261,1
986,11:33:56,25SQCMICSBBBE1100B261,1
987,11:33:56,25SQCMICSBBBE1100B261,2
988,15:01:51,25SQCMICSBBBF0700B11C,2
989,15:01:53,25SQCMICSBBBF0700B11C,1
990,15:01:53,25SQCMICSBBBF0700B11C,2
991,15:05:07,25SQCMICSBBBF0700B11C,1
992,15:05:08,25SQCMICSBBBF0700B11C,2
993,15:40:45,25SQCMICSBBC17800B1EA,2
994,15:40:46,25SQCMICSBBC17800B1EA,1
995,15:46:49,25SQCMICSBBC17800B1EA,1
996,15:46:50,25SQCMICSBBC17800B1EA,2
997,15:18:29,25SQCMICSBBC18100B13A,2
998,15:18:31,25SQCMICSBBC18100B13A,1
999,15:18:31,25SQCMICSBBC18100B13A,2
1000,15:19:02,25SQCMICSBBC18100B13A,1
1001,15:19:03,25SQCMICSBBC18100B13A,2
1002,15:33:19,25SQCMICSBBC18100B13A,2
1003,15:39:19,25SQCMICSBBC18100B13A,1
1004,15:39:24,25SQCMICSBBC18100B13A,1
1005,15:39:26,25SQCMICSBBC18100B13A,2
1006,15:03:59,25SQCMICSBBC18500B2D5,2
1007,15:04:01,25SQCMICSBBC18500B2D5,1
1008,15:04:01,25SQCMICSBBC18500B2D5,2
1009,15:04:01,25SQCMICSBBC18500B2D5,1
1010,15:04:01,25SQCMICSBBC18500B2D5,2
1011,15:04:01,25SQCMICSBBC18500B2D5,1
1012,15:04:01,25SQCMICSBBC18500B2D5,2
1013,15:04:02,25SQCMICSBBC18500B2D5,1
1014,15:04:02,25SQCMICSBBC18500B2D5,2
1015,15:04:02,25SQCMICSBBC18500B2D5,1
1016,15:12:46,25SQCMICSBBC25900B2D1,2
1017,15:23:39,25SQCMICSBBC25900B2D1,2
1018,15:23:41,25SQCMICSBBC25900B2D1,1
1019,14:38:33,25SQCMICSBBC2A400B1EE,2
1020,14:38:34,25SQCMICSBBC2A400B1EE,1
1021,14:38:34,25SQCMICSBBC2A400B1EE,2
1022,14:38:34,25SQCMICSBBC2A400B1EE,1
1023,14:42:37,25SQCMICSBBC2A400B1EE,1
1024,14:42:39,25SQCMICSBBC2A400B1EE,2
1025,15:44:42,25SQCMICSBBC2E500B128,2
1026,15:44:43,25SQCMICSBBC2E500B128,1
1027,15:44:43,25SQCMICSBBC2E500B128,2
1028,15:06:58,25SQCMICSBBC34B00B247,2
1029,15:07:01,25SQCMICSBBC34B00B247,1
1030,15:07:01,25SQCMICSBBC34B00B247,2
1031,15:07:01,25SQCMICSBBC34B00B247,1
1032,15:16:52,25SQCMICSBBC34B00B247,2
1033,15:05:13,25SQCMICSBBC4F900B287,2
1034,15:05:13,25SQCMICSBBC4F900B287,1
1035,15:05:13,25SQCMICSBBC4F900B287,2
1036,15:05:13,25SQCMICSBBC4F900B287,1
1037,15:20:22,25SQCMICSBBC4F900B287,1
1038,15:20:22,25SQCMICSBBC4F900B287,2
1039,15:20:22,25SQCMICSBBC4F900B287,1
1040,15:20:22,25SQCMICSBBC4F900B287,2
1041,15:20:22,25SQCMICSBBC4F900B287,1
1042,15:20:22,25SQCMICSBBC4F900B287,2
1043,15:20:23,25SQCMICSBBC4F900B287,1
1044,15:20:23,25SQCMICSBBC4F900B287,2
1045,15:04:10,25SQCMICSBBD8CE00B132,2
1046,15:04:10,25SQCMICSBBD8CE00B132,1
1047,15:16:19,25SQCMICSBBD8CE00B132,1
1048,15:16:23,25SQCMICSBBD8CE00B132,2
1049,15:16:23,25SQCMICSBBD8CE00B132,1
1050,15:16:23,25SQCMICSBBD8CE00B132,2
1051,15:16:23,25SQCMICSBBD8CE00B132,1
1052,15:16:23,25SQCMICSBBD8CE00B132,2
1053,10:49:29,25SQCMICSBBDCB000B2F2,2
1054,10:49:31,25SQCMICSBBDCB000B2F2,1
1055,12:16:45,25SQCMICSBBDF6800B11B,2
1056,12:16:45,25SQCMICSBBDF6800B11B,1
1057,12:16:45,25SQCMICSBBDF6800B11B,2
1058,12:16:46,25SQCMICSBBDF6800B11B,1
1059,12:16:47,25SQCMICSBBDF6800B11B,2
1060,12:16:52,25SQCMICSBBDF6800B11B,1
1061,12:16:59,25SQCMICSBBDF6800B11B,1
1062,12:36:48,25SQCMICSBBDF6800B11B,1
1063,12:36:54,25SQCMICSBBDF6800B11B,1
1064,12:36:59,25SQCMICSBBDF6800B11B,1
1065,12:37:01,25SQCMICSBBDF6800B11B,2
1066,12:37:06,25SQCMICSBBDF6800B11B,2
1067,12:37:10,25SQCMICSBBDF6800B11B,2
1068,12:37:11,25SQCMICSBBDF6800B11B,2
1069,12:37:16,25SQCMICSBBDF6800B11B,2
1070,15:02:09,25SQCMICSBBE13D00B271,2
1071,15:02:14,25SQCMICSBBE13D00B271,2
1072,15:02:14,25SQCMICSBBE13D00B271,1
1073,15:02:14,25SQCMICSBBE13D00B271,2
1074,15:02:15,25SQCMICSBBE13D00B271,1
1075,15:02:15,25SQCMICSBBE13D00B271,2
1076,15:02:15,25SQCMICSBBE13D00B271,1
1077,15:02:15,25SQCMICSBBE13D00B271,2
1078,15:02:15,25SQCMICSBBE13D00B271,1
1079,14:47:27,25SQCMICSBBE1C400B2A1,2
1080,14:47:32,25SQCMICSBBE1C400B2A1,2
1081,14:47:36,25SQCMICSBBE1C400B2A1,1
1082,14:53:55,25SQCMICSBBE1C400B2A1,1
1083,14:53:57,25SQCMICSBBE1C400B2A1,2
1084,15:20:24,25SQCMICSBBE45500B2EC,2
1085,10:02:54,25SQCMICSBBE5BB00B0A7,2
1086,10:02:59,25SQCMICSBBE5BB00B0A7,2
1087,10:02:59,25SQCMICSBBE5BB00B0A7,1
1088,10:03:14,25SQCMICSBBE5BB00B0A7,1
1089,10:03:16,25SQCMICSBBE5BB00B0A7,2
1090,10:45:53,25SQCMICSBBE5BB00B0A7,2
1091,10:45:54,25SQCMICSBBE5BB00B0A7,1
1092,10:51:33,25SQCMICSBBE5BB00B0A7,1
1093,10:51:33,25SQCMICSBBE5BB00B0A7,2
1094,12:47:41,25SQCMICSBBE5BB00B0A7,2
1095,12:47:43,25SQCMICSBBE5BB00B0A7,1
1096,12:47:43,25SQCMICSBBE5BB00B0A7,2
1097,12:47:43,25SQCMICSBBE5BB00B0A7,1
1098,12:47:44,25SQCMICSBBE5BB00B0A7,2
1099,12:47:45,25SQCMICSBBE5BB00B0A7,1
1100,12:47:54,25SQCMICSBBE5BB00B0A7,1
1101,12:47:55,25SQCMICSBBE5BB00B0A7,2
1102,12:48:48,25SQCMICSBBE5BB00B0A7,2
1103,12:48:53,25SQCMICSBBE5BB00B0A7,2
1104,12:48:59,25SQCMICSBBE5BB00B0A7,1
1105,12:48:59,25SQCMICSBBE5BB00B0A7,2
1106,12:48:59,25SQCMICSBBE5BB00B0A7,1
1107,12:49:09,25SQCMICSBBE5BB00B0A7,1
1108,12:49:09,25SQCMICSBBE5BB00B0A7,2
1109,12:49:10,25SQCMICSBBE5BB00B0A7,1
1110,12:49:10,25SQCMICSBBE5BB00B0A7,2
1111,12:49:13,25SQCMICSBBE5BB00B0A7,1
1112,12:49:13,25SQCMICSBBE5BB00B0A7,2
1113,12:49:29,25SQCMICSBBE5BB00B0A7,2
1114,12:49:29,25SQCMICSBBE5BB00B0A7,1
1115,12:49:29,25SQCMICSBBE5BB00B0A7,2
1116,14:05:50,25SQCMICSBBE5BB00B0A7,1
1117,14:05:50,25SQCMICSBBE5BB00B0A7,2
1118,14:05:51,25SQCMICSBBE5BB00B0A7,1
1119,14:05:51,25SQCMICSBBE5BB00B0A7,2
1120,14:05:51,25SQCMICSBBE5BB00B0A7,1
1121,14:05:51,25SQCMICSBBE5BB00B0A7,2
1122,14:09:16,25SQCMICSBBE5BB00B0A7,2
1123,14:09:17,25SQCMICSBBE5BB00B0A7,1
1124,15:30:59,25SQCMICSBBE5BB00B0A7,1
1125,15:30:59,25SQCMICSBBE5BB00B0A7,2
1126,17:00:05,25SQCMICSBBE5BB00B0A7,2
1127,17:00:06,25SQCMICSBBE5BB00B0A7,1
1128,17:00:06,25SQCMICSBBE5BB00B0A7,2
1129,17:00:07,25SQCMICSBBE5BB00B0A7,1
1130,17:24:18,25SQCMICSBBE5BB00B0A7,1
1131,17:24:19,25SQCMICSBBE5BB00B0A7,2
1132,14:12:21,25SQCMICSBBFDE700B1DD,2
1133,14:12:26,25SQCMICSBBFDE700B1DD,2
1134,14:12:29,25SQCMICSBBFDE700B1DD,1
1135,14:12:35,25SQCMICSBBFDE700B1DD,1
1136,15:34:43,25SQCMICSBBFEC600B2E4,2
1137,15:34:44,25SQCMICSBBFEC600B2E4,1
1138,15:34:44,25SQCMICSBBFEC600B2E4,2
1139,15:34:45,25SQCMICSBBFEC600B2E4,1
1140,15:44:11,25SQCMICSBBFEC600B2E4,1
1141,15:44:14,25SQCMICSBBFEC600B2E4,2
1142,15:44:14,25SQCMICSBBFEC600B2E4,1
1143,15:44:14,25SQCMICSBBFEC600B2E4,2
1144,14:16:08,25SQCMICSBBFF2900B14F,2
1145,14:16:09,25SQCMICSBBFF2900B14F,1
1146,14:17:05,25SQCMICSBBFF2900B14F,1
1147,14:17:05,25SQCMICSBBFF2900B14F,2
