File,,Time,UTC,9/26/22,16:57:10,,
SW,,iID®DataCaptureSoftware,,,,,
SW,,v01.09,,,,,
SW,,4/7/20,,arrive 1-2,,,
SW,,9/26/22,16:54:06,depart 2-1,,,
Lib,,v1.6.3,,,,,
Company,,GmbH,,,,,
OS,,v10.0.17763.865,,,,,
,,,,,,,
,,,,,,,
Settings,,,,,,,
,,mode,DOC,,,,
,,,,,,,
,,YES,,,,,
,,5,,,,,
,,,,,,,
Found,,,,,,,
,,ReaderID,HW-Info,FW-Info,Num-Antennas,,
,,25SQCMICSCB030EB4,,,,,
,,200330,D0.22,98.26.06,2,,
,,200328,D0.22,98.26.06,2,,
,,,,,,,
,,,,,,,
Timestamp,,HexAddress,ReaderID,UID,Collection,DataType,
9/26/22,15:09:33,13,200328,25SQCMICSBB028700B2D3,DOC,2,15:09:33
9/26/22,15:09:35,13,200328,25SQCMICSBB028700B2D3,DOC,1,15:09:35
9/26/22,15:14:12,13,200328,25SQCMICSBB028700B2D3,DOC,1,15:14:12
9/26/22,15:14:13,13,200328,25SQCMICSBB028700B2D3,DOC,2,15:14:13
9/26/22,14:56:08,10,200330,25SQCMICSBB039100B1CA,DOC,2,14:56:08
9/26/22,14:56:11,10,200330,25SQCMICSBB039100B1CA,DOC,1,14:56:11
9/26/22,14:56:11,10,200330,25SQCMICSBB039100B1CA,DOC,2,14:56:11
9/26/22,14:56:11,10,200330,25SQCMICSBB039100B1CA,DOC,1,14:56:11
9/26/22,14:56:11,10,200330,25SQCMICSBB039100B1CA,DOC,2,14:56:11
9/26/22,14:56:11,10,200330,25SQCMICSBB039100B1CA,DOC,1,14:56:11
9/26/22,14:56:11,10,200330,25SQCMICSBB039100B1CA,DOC,2,14:56:11
9/26/22,14:56:12,10,200330,25SQCMICSBB039100B1CA,DOC,1,14:56:12
9/26/22,14:56:12,10,200330,25SQCMICSBB039100B1CA,DOC,2,14:56:12
9/26/22,14:56:12,10,200330,25SQCMICSBB039100B1CA,DOC,1,14:56:12
9/26/22,14:56:12,10,200330,25SQCMICSBB039100B1CA,DOC,2,14:56:12
9/26/22,14:56:12,10,200330,25SQCMICSBB039100B1CA,DOC,1,14:56:12
9/26/22,14:56:12,10,200330,25SQCMICSBB039100B1CA,DOC,2,14:56:12
9/26/22,14:56:12,10,200330,25SQCMICSBB039100B1CA,DOC,1,14:56:12
9/26/22,14:56:12,10,200330,25SQCMICSBB039100B1CA,DOC,2,14:56:12
9/26/22,14:56:13,10,200330,25SQCMICSBB039100B1CA,DOC,1,14:56:13
9/26/22,14:56:18,10,200330,25SQCMICSBB039100B1CA,DOC,1,14:56:18
9/26/22,15:02:56,10,200330,25SQCMICSBB039100B1CA,DOC,2,15:02:56
9/26/22,15:03:00,10,200330,25SQCMICSBB039100B1CA,DOC,1,15:03:00
9/26/22,15:03:00,10,200330,25SQCMICSBB039100B1CA,DOC,2,15:03:00
9/26/22,15:03:00,10,200330,25SQCMICSBB039100B1CA,DOC,1,15:03:00
9/26/22,15:03:00,10,200330,25SQCMICSBB039100B1CA,DOC,2,15:03:00
9/26/22,15:03:01,10,200330,25SQCMICSBB039100B1CA,DOC,1,15:03:01
9/26/22,15:03:01,10,200330,25SQCMICSBB039100B1CA,DOC,2,15:03:01
9/26/22,13:45:28,13,200328,25SQCMICSBB047200B2A8,DOC,2,13:45:28
9/26/22,13:45:31,13,200328,25SQCMICSBB047200B2A8,DOC,1,13:45:31
9/26/22,13:45:31,13,200328,25SQCMICSBB047200B2A8,DOC,2,13:45:31
9/26/22,13:45:31,13,200328,25SQCMICSBB047200B2A8,DOC,1,13:45:31
9/26/22,13:51:27,13,200328,25SQCMICSBB047200B2A8,DOC,1,13:51:27
9/26/22,13:51:28,13,200328,25SQCMICSBB047200B2A8,DOC,2,13:51:28
9/26/22,13:51:28,13,200328,25SQCMICSBB047200B2A8,DOC,1,13:51:28
9/26/22,13:51:28,13,200328,25SQCMICSBB047200B2A8,DOC,2,13:51:28
9/26/22,13:51:28,13,200328,25SQCMICSBB047200B2A8,DOC,1,13:51:28
9/26/22,13:51:28,13,200328,25SQCMICSBB047200B2A8,DOC,2,13:51:28
9/26/22,15:45:49,13,200328,25SQCMICSBB047200B2A8,DOC,2,15:45:49
9/26/22,15:45:54,13,200328,25SQCMICSBB047200B2A8,DOC,2,15:45:54
9/26/22,15:46:03,13,200328,25SQCMICSBB047200B2A8,DOC,2,15:46:03
9/26/22,15:46:04,13,200328,25SQCMICSBB047200B2A8,DOC,1,15:46:04
9/26/22,15:46:04,13,200328,25SQCMICSBB047200B2A8,DOC,2,15:46:04
9/26/22,15:48:57,13,200328,25SQCMICSBB047200B2A8,DOC,1,15:48:57
9/26/22,15:48:58,13,200328,25SQCMICSBB047200B2A8,DOC,2,15:48:58
9/26/22,15:49:02,13,200328,25SQCMICSBB047200B2A8,DOC,1,15:49:02
9/26/22,15:49:08,13,200328,25SQCMICSBB047200B2A8,DOC,1,15:49:08
9/26/22,15:49:09,13,200328,25SQCMICSBB047200B2A8,DOC,2,15:49:09
9/26/22,15:05:14,10,200330,25SQCMICSBB181000B130,DOC,2,15:05:14
9/26/22,15:05:15,10,200330,25SQCMICSBB181000B130,DOC,1,15:05:15
9/26/22,15:05:55,10,200330,25SQCMICSBB181000B130,DOC,1,15:05:55
9/26/22,15:05:58,10,200330,25SQCMICSBB181000B130,DOC,2,15:05:58
9/26/22,13:54:36,13,200328,25SQCMICSBB181400B2DD,DOC,2,13:54:36
9/26/22,13:54:39,13,200328,25SQCMICSBB181400B2DD,DOC,1,13:54:39
9/26/22,13:58:27,13,200328,25SQCMICSBB181400B2DD,DOC,1,13:58:27
9/26/22,13:58:27,13,200328,25SQCMICSBB181400B2DD,DOC,2,13:58:27
9/26/22,9:56:59,10,200330,25SQCMICSBB1ADA00B24F,DOC,1,9:56:59
9/26/22,9:57:00,10,200330,25SQCMICSBB1ADA00B24F,DOC,2,9:57:00
9/26/22,10:07:19,10,200330,25SQCMICSBB1ADA00B24F,DOC,1,10:07:19
9/26/22,10:07:21,10,200330,25SQCMICSBB1ADA00B24F,DOC,2,10:07:21
9/26/22,10:14:37,10,200330,25SQCMICSBB1ADA00B24F,DOC,2,10:14:37
9/26/22,10:14:38,10,200330,25SQCMICSBB1ADA00B24F,DOC,1,10:14:38
9/26/22,10:14:38,10,200330,25SQCMICSBB1ADA00B24F,DOC,2,10:14:38
9/26/22,10:14:38,10,200330,25SQCMICSBB1ADA00B24F,DOC,1,10:14:38
9/26/22,10:19:55,10,200330,25SQCMICSBB1ADA00B24F,DOC,1,10:19:55
9/26/22,10:19:57,10,200330,25SQCMICSBB1ADA00B24F,DOC,2,10:19:57
9/26/22,10:27:22,10,200330,25SQCMICSBB1ADA00B24F,DOC,2,10:27:22
9/26/22,10:27:23,10,200330,25SQCMICSBB1ADA00B24F,DOC,1,10:27:23
9/26/22,10:36:02,10,200330,25SQCMICSBB1ADA00B24F,DOC,1,10:36:02
9/26/22,10:36:03,10,200330,25SQCMICSBB1ADA00B24F,DOC,2,10:36:03
9/26/22,10:46:12,10,200330,25SQCMICSBB1ADA00B24F,DOC,2,10:46:12
9/26/22,10:46:12,10,200330,25SQCMICSBB1ADA00B24F,DOC,1,10:46:12
9/26/22,10:46:12,10,200330,25SQCMICSBB1ADA00B24F,DOC,2,10:46:12
9/26/22,10:46:12,10,200330,25SQCMICSBB1ADA00B24F,DOC,1,10:46:12
9/26/22,10:46:12,10,200330,25SQCMICSBB1ADA00B24F,DOC,2,10:46:12
9/26/22,10:46:13,10,200330,25SQCMICSBB1ADA00B24F,DOC,1,10:46:13
9/26/22,10:46:13,10,200330,25SQCMICSBB1ADA00B24F,DOC,2,10:46:13
9/26/22,10:55:20,10,200330,25SQCMICSBB1ADA00B24F,DOC,1,10:55:20
9/26/22,10:55:20,10,200330,25SQCMICSBB1ADA00B24F,DOC,2,10:55:20
9/26/22,11:01:06,10,200330,25SQCMICSBB1ADA00B24F,DOC,2,11:01:06
9/26/22,11:01:07,10,200330,25SQCMICSBB1ADA00B24F,DOC,1,11:01:07
9/26/22,11:01:07,10,200330,25SQCMICSBB1ADA00B24F,DOC,2,11:01:07
9/26/22,11:01:07,10,200330,25SQCMICSBB1ADA00B24F,DOC,1,11:01:07
9/26/22,11:01:07,10,200330,25SQCMICSBB1ADA00B24F,DOC,2,11:01:07
9/26/22,11:01:07,10,200330,25SQCMICSBB1ADA00B24F,DOC,1,11:01:07
9/26/22,11:10:25,10,200330,25SQCMICSBB1ADA00B24F,DOC,1,11:10:25
9/26/22,11:10:26,10,200330,25SQCMICSBB1ADA00B24F,DOC,2,11:10:26
9/26/22,11:15:17,10,200330,25SQCMICSBB1ADA00B24F,DOC,2,11:15:17
9/26/22,11:15:18,10,200330,25SQCMICSBB1ADA00B24F,DOC,1,11:15:18
9/26/22,11:27:43,10,200330,25SQCMICSBB1ADA00B24F,DOC,1,11:27:43
9/26/22,11:27:44,10,200330,25SQCMICSBB1ADA00B24F,DOC,2,11:27:44
9/26/22,11:36:23,10,200330,25SQCMICSBB1ADA00B24F,DOC,2,11:36:23
9/26/22,11:36:24,10,200330,25SQCMICSBB1ADA00B24F,DOC,1,11:36:24
9/26/22,11:47:15,10,200330,25SQCMICSBB1ADA00B24F,DOC,2,11:47:15
9/26/22,11:53:55,10,200330,25SQCMICSBB1ADA00B24F,DOC,2,11:53:55
9/26/22,11:53:55,10,200330,25SQCMICSBB1ADA00B24F,DOC,1,11:53:55
9/26/22,12:05:35,10,200330,25SQCMICSBB1ADA00B24F,DOC,1,12:05:35
9/26/22,12:13:06,10,200330,25SQCMICSBB1ADA00B24F,DOC,2,12:13:06
9/26/22,12:13:07,10,200330,25SQCMICSBB1ADA00B24F,DOC,1,12:13:07
9/26/22,12:25:17,10,200330,25SQCMICSBB1ADA00B24F,DOC,1,12:25:17
9/26/22,12:25:18,10,200330,25SQCMICSBB1ADA00B24F,DOC,2,12:25:18
9/26/22,12:32:44,10,200330,25SQCMICSBB1ADA00B24F,DOC,1,12:32:44
9/26/22,12:45:31,10,200330,25SQCMICSBB1ADA00B24F,DOC,1,12:45:31
9/26/22,12:45:31,10,200330,25SQCMICSBB1ADA00B24F,DOC,2,12:45:31
9/26/22,12:50:24,10,200330,25SQCMICSBB1ADA00B24F,DOC,2,12:50:24
9/26/22,12:50:25,10,200330,25SQCMICSBB1ADA00B24F,DOC,1,12:50:25
9/26/22,13:23:50,10,200330,25SQCMICSBB1ADA00B24F,DOC,1,13:23:50
9/26/22,13:23:50,10,200330,25SQCMICSBB1ADA00B24F,DOC,2,13:23:50
9/26/22,13:31:01,10,200330,25SQCMICSBB1ADA00B24F,DOC,2,13:31:01
9/26/22,13:31:02,10,200330,25SQCMICSBB1ADA00B24F,DOC,1,13:31:02
9/26/22,13:43:26,10,200330,25SQCMICSBB1ADA00B24F,DOC,1,13:43:26
9/26/22,13:55:51,10,200330,25SQCMICSBB1ADA00B24F,DOC,2,13:55:51
9/26/22,14:07:19,10,200330,25SQCMICSBB1ADA00B24F,DOC,1,14:07:19
9/26/22,14:07:19,10,200330,25SQCMICSBB1ADA00B24F,DOC,2,14:07:19
9/26/22,14:13:48,10,200330,25SQCMICSBB1ADA00B24F,DOC,2,14:13:48
9/26/22,14:13:49,10,200330,25SQCMICSBB1ADA00B24F,DOC,1,14:13:49
9/26/22,14:28:31,10,200330,25SQCMICSBB1ADA00B24F,DOC,1,14:28:31
9/26/22,14:28:32,10,200330,25SQCMICSBB1ADA00B24F,DOC,2,14:28:32
9/26/22,14:33:34,10,200330,25SQCMICSBB1ADA00B24F,DOC,2,14:33:34
9/26/22,14:33:35,10,200330,25SQCMICSBB1ADA00B24F,DOC,1,14:33:35
9/26/22,14:33:35,10,200330,25SQCMICSBB1ADA00B24F,DOC,2,14:33:35
9/26/22,14:33:35,10,200330,25SQCMICSBB1ADA00B24F,DOC,1,14:33:35
9/26/22,14:45:40,10,200330,25SQCMICSBB1ADA00B24F,DOC,1,14:45:40
9/26/22,14:45:41,10,200330,25SQCMICSBB1ADA00B24F,DOC,2,14:45:41
9/26/22,14:52:54,10,200330,25SQCMICSBB1ADA00B24F,DOC,1,14:52:54
9/26/22,15:05:33,10,200330,25SQCMICSBB1ADA00B24F,DOC,1,15:05:33
9/26/22,15:05:34,10,200330,25SQCMICSBB1ADA00B24F,DOC,2,15:05:34
9/26/22,15:13:34,10,200330,25SQCMICSBB1ADA00B24F,DOC,2,15:13:34
9/26/22,15:30:21,10,200330,25SQCMICSBB1ADA00B24F,DOC,1,15:30:21
9/26/22,15:30:21,10,200330,25SQCMICSBB1ADA00B24F,DOC,2,15:30:21
9/26/22,15:30:21,10,200330,25SQCMICSBB1ADA00B24F,DOC,1,15:30:21
9/26/22,15:30:21,10,200330,25SQCMICSBB1ADA00B24F,DOC,2,15:30:21
9/26/22,15:47:10,10,200330,25SQCMICSBB1ADA00B24F,DOC,2,15:47:10
9/26/22,15:47:11,10,200330,25SQCMICSBB1ADA00B24F,DOC,1,15:47:11
9/26/22,16:01:36,10,200330,25SQCMICSBB1ADA00B24F,DOC,1,16:01:36
9/26/22,16:01:36,10,200330,25SQCMICSBB1ADA00B24F,DOC,2,16:01:36
9/26/22,16:26:27,10,200330,25SQCMICSBB1ADA00B24F,DOC,2,16:26:27
9/26/22,16:26:27,10,200330,25SQCMICSBB1ADA00B24F,DOC,1,16:26:27
9/26/22,16:32:38,10,200330,25SQCMICSBB1ADA00B24F,DOC,1,16:32:38
9/26/22,16:32:39,10,200330,25SQCMICSBB1ADA00B24F,DOC,2,16:32:39
9/26/22,16:41:33,10,200330,25SQCMICSBB1ADA00B24F,DOC,2,16:41:33
9/26/22,16:41:34,10,200330,25SQCMICSBB1ADA00B24F,DOC,1,16:41:34
9/26/22,16:53:18,10,200330,25SQCMICSBB1ADA00B24F,DOC,1,16:53:18
9/26/22,16:53:20,10,200330,25SQCMICSBB1ADA00B24F,DOC,2,16:53:20
9/26/22,15:54:07,10,200330,25SQCMICSBB1B3500B1E4,DOC,2,15:54:07
9/26/22,15:54:08,10,200330,25SQCMICSBB1B3500B1E4,DOC,1,15:54:08
9/26/22,15:54:08,10,200330,25SQCMICSBB1B3500B1E4,DOC,2,15:54:08
9/26/22,15:54:08,10,200330,25SQCMICSBB1B3500B1E4,DOC,1,15:54:08
9/26/22,15:59:51,10,200330,25SQCMICSBB1B3500B1E4,DOC,1,15:59:51
9/26/22,15:59:52,10,200330,25SQCMICSBB1B3500B1E4,DOC,2,15:59:52
9/26/22,10:01:16,10,200330,25SQCMICSBB1D8000B0BD,DOC,2,10:01:16
9/26/22,10:18:00,10,200330,25SQCMICSBB1D8000B0BD,DOC,1,10:18:00
9/26/22,10:18:01,10,200330,25SQCMICSBB1D8000B0BD,DOC,2,10:18:01
9/26/22,10:23:23,10,200330,25SQCMICSBB1D8000B0BD,DOC,2,10:23:23
9/26/22,10:23:24,10,200330,25SQCMICSBB1D8000B0BD,DOC,1,10:23:24
9/26/22,10:37:31,10,200330,25SQCMICSBB1D8000B0BD,DOC,1,10:37:31
9/26/22,10:37:31,10,200330,25SQCMICSBB1D8000B0BD,DOC,2,10:37:31
9/26/22,10:44:23,10,200330,25SQCMICSBB1D8000B0BD,DOC,2,10:44:23
9/26/22,10:44:24,10,200330,25SQCMICSBB1D8000B0BD,DOC,1,10:44:24
9/26/22,10:44:24,10,200330,25SQCMICSBB1D8000B0BD,DOC,2,10:44:24
9/26/22,10:44:24,10,200330,25SQCMICSBB1D8000B0BD,DOC,1,10:44:24
9/26/22,11:00:12,10,200330,25SQCMICSBB1D8000B0BD,DOC,1,11:00:12
9/26/22,11:00:17,10,200330,25SQCMICSBB1D8000B0BD,DOC,1,11:00:17
9/26/22,11:14:40,10,200330,25SQCMICSBB1D8000B0BD,DOC,2,11:14:40
9/26/22,11:14:44,10,200330,25SQCMICSBB1D8000B0BD,DOC,1,11:14:44
9/26/22,11:14:44,10,200330,25SQCMICSBB1D8000B0BD,DOC,2,11:14:44
9/26/22,11:14:44,10,200330,25SQCMICSBB1D8000B0BD,DOC,1,11:14:44
9/26/22,11:14:44,10,200330,25SQCMICSBB1D8000B0BD,DOC,2,11:14:44
9/26/22,11:14:44,10,200330,25SQCMICSBB1D8000B0BD,DOC,1,11:14:44
9/26/22,11:14:44,10,200330,25SQCMICSBB1D8000B0BD,DOC,2,11:14:44
9/26/22,11:14:44,10,200330,25SQCMICSBB1D8000B0BD,DOC,1,11:14:44
9/26/22,11:14:44,10,200330,25SQCMICSBB1D8000B0BD,DOC,2,11:14:44
9/26/22,11:32:28,10,200330,25SQCMICSBB1D8000B0BD,DOC,1,11:32:28
9/26/22,11:32:28,10,200330,25SQCMICSBB1D8000B0BD,DOC,2,11:32:28
9/26/22,11:32:28,10,200330,25SQCMICSBB1D8000B0BD,DOC,1,11:32:28
9/26/22,11:32:28,10,200330,25SQCMICSBB1D8000B0BD,DOC,2,11:32:28
9/26/22,10:37:31,10,200330,25SQCMICSBB223F00B277,DOC,2,10:37:31
9/26/22,10:47:10,10,200330,25SQCMICSBB223F00B277,DOC,1,10:47:10
9/26/22,10:47:10,10,200330,25SQCMICSBB223F00B277,DOC,1,10:47:10
9/26/22,10:47:10,10,200330,25SQCMICSBB223F00B277,DOC,2,10:47:10
9/26/22,10:57:41,10,200330,25SQCMICSBB223F00B277,DOC,2,10:57:41
9/26/22,10:57:42,10,200330,25SQCMICSBB223F00B277,DOC,1,10:57:42
9/26/22,10:57:42,10,200330,25SQCMICSBB223F00B277,DOC,2,10:57:42
9/26/22,10:57:43,10,200330,25SQCMICSBB223F00B277,DOC,1,10:57:43
9/26/22,11:08:31,10,200330,25SQCMICSBB223F00B277,DOC,1,11:08:31
9/26/22,11:08:32,10,200330,25SQCMICSBB223F00B277,DOC,2,11:08:32
9/26/22,12:27:26,10,200330,25SQCMICSBB223F00B277,DOC,2,12:27:26
9/26/22,12:27:28,10,200330,25SQCMICSBB223F00B277,DOC,1,12:27:28
9/26/22,12:35:45,10,200330,25SQCMICSBB223F00B277,DOC,1,12:35:45
9/26/22,12:35:46,10,200330,25SQCMICSBB223F00B277,DOC,2,12:35:46
9/26/22,13:09:20,10,200330,25SQCMICSBB223F00B277,DOC,2,13:09:20
9/26/22,13:09:22,10,200330,25SQCMICSBB223F00B277,DOC,1,13:09:22
9/26/22,13:09:22,10,200330,25SQCMICSBB223F00B277,DOC,2,13:09:22
9/26/22,13:17:48,10,200330,25SQCMICSBB223F00B277,DOC,1,13:17:48
9/26/22,13:17:48,10,200330,25SQCMICSBB223F00B277,DOC,2,13:17:48
9/26/22,13:17:48,10,200330,25SQCMICSBB223F00B277,DOC,1,13:17:48
9/26/22,13:17:48,10,200330,25SQCMICSBB223F00B277,DOC,2,13:17:48
9/26/22,13:17:49,10,200330,25SQCMICSBB223F00B277,DOC,1,13:17:49
9/26/22,13:17:49,10,200330,25SQCMICSBB223F00B277,DOC,2,13:17:49
9/26/22,13:17:49,10,200330,25SQCMICSBB223F00B277,DOC,1,13:17:49
9/26/22,13:17:49,10,200330,25SQCMICSBB223F00B277,DOC,2,13:17:49
9/26/22,13:17:49,10,200330,25SQCMICSBB223F00B277,DOC,1,13:17:49
9/26/22,13:17:49,10,200330,25SQCMICSBB223F00B277,DOC,2,13:17:49
9/26/22,13:17:50,10,200330,25SQCMICSBB223F00B277,DOC,1,13:17:50
9/26/22,13:17:50,10,200330,25SQCMICSBB223F00B277,DOC,2,13:17:50
9/26/22,14:57:24,10,200330,25SQCMICSBB223F00B277,DOC,2,14:57:24
9/26/22,14:57:24,10,200330,25SQCMICSBB223F00B277,DOC,1,14:57:24
9/26/22,14:57:24,10,200330,25SQCMICSBB223F00B277,DOC,2,14:57:24
9/26/22,14:57:24,10,200330,25SQCMICSBB223F00B277,DOC,1,14:57:24
9/26/22,15:40:12,10,200330,25SQCMICSBB223F00B277,DOC,1,15:40:12
9/26/22,15:40:14,10,200330,25SQCMICSBB223F00B277,DOC,2,15:40:14
9/26/22,14:20:20,10,200330,25SQCMICSBB23D000B1FE,DOC,2,14:20:20
9/26/22,14:20:21,10,200330,25SQCMICSBB23D000B1FE,DOC,1,14:20:21
9/26/22,14:20:21,10,200330,25SQCMICSBB23D000B1FE,DOC,2,14:20:21
9/26/22,14:20:21,10,200330,25SQCMICSBB23D000B1FE,DOC,1,14:20:21
9/26/22,14:20:21,10,200330,25SQCMICSBB23D000B1FE,DOC,2,14:20:21
9/26/22,14:20:21,10,200330,25SQCMICSBB23D000B1FE,DOC,1,14:20:21
9/26/22,14:20:21,10,200330,25SQCMICSBB23D000B1FE,DOC,2,14:20:21
9/26/22,14:20:22,10,200330,25SQCMICSBB23D000B1FE,DOC,1,14:20:22
9/26/22,14:27:37,10,200330,25SQCMICSBB23D000B1FE,DOC,1,14:27:37
9/26/22,14:27:37,10,200330,25SQCMICSBB23D000B1FE,DOC,2,14:27:37
9/26/22,14:27:37,10,200330,25SQCMICSBB23D000B1FE,DOC,1,14:27:37
9/26/22,14:27:37,10,200330,25SQCMICSBB23D000B1FE,DOC,2,14:27:37
9/26/22,10:56:10,10,200330,25SQCMICSBB256500B0A5,DOC,2,10:56:10
9/26/22,10:56:11,10,200330,25SQCMICSBB256500B0A5,DOC,1,10:56:11
9/26/22,10:56:11,10,200330,25SQCMICSBB256500B0A5,DOC,2,10:56:11
9/26/22,11:11:16,10,200330,25SQCMICSBB256500B0A5,DOC,1,11:11:16
9/26/22,11:11:16,10,200330,25SQCMICSBB256500B0A5,DOC,2,11:11:16
9/26/22,11:20:33,10,200330,25SQCMICSBB256500B0A5,DOC,2,11:20:33
9/26/22,11:20:34,10,200330,25SQCMICSBB256500B0A5,DOC,1,11:20:34
9/26/22,11:32:07,10,200330,25SQCMICSBB256500B0A5,DOC,1,11:32:07
9/26/22,11:32:08,10,200330,25SQCMICSBB256500B0A5,DOC,2,11:32:08
9/26/22,15:08:33,10,200330,25SQCMICSBB256500B0A5,DOC,2,15:08:33
9/26/22,15:17:49,10,200330,25SQCMICSBB256500B0A5,DOC,1,15:17:49
9/26/22,15:19:09,10,200330,25SQCMICSBB256500B0A5,DOC,1,15:19:09
9/26/22,15:19:09,10,200330,25SQCMICSBB256500B0A5,DOC,2,15:19:09
9/26/22,15:19:09,10,200330,25SQCMICSBB256500B0A5,DOC,1,15:19:09
9/26/22,15:19:09,10,200330,25SQCMICSBB256500B0A5,DOC,2,15:19:09
9/26/22,14:38:21,10,200330,25SQCMICSBB26B800B147,DOC,2,14:38:21
9/26/22,14:38:25,10,200330,25SQCMICSBB26B800B147,DOC,1,14:38:25
9/26/22,14:38:25,10,200330,25SQCMICSBB26B800B147,DOC,2,14:38:25
9/26/22,14:38:25,10,200330,25SQCMICSBB26B800B147,DOC,1,14:38:25
9/26/22,14:38:25,10,200330,25SQCMICSBB26B800B147,DOC,2,14:38:25
9/26/22,14:38:26,10,200330,25SQCMICSBB26B800B147,DOC,1,14:38:26
9/26/22,14:38:26,10,200330,25SQCMICSBB26B800B147,DOC,2,14:38:26
9/26/22,14:38:26,10,200330,25SQCMICSBB26B800B147,DOC,1,14:38:26
9/26/22,14:38:26,10,200330,25SQCMICSBB26B800B147,DOC,2,14:38:26
9/26/22,14:38:26,10,200330,25SQCMICSBB26B800B147,DOC,1,14:38:26
9/26/22,14:38:26,10,200330,25SQCMICSBB26B800B147,DOC,2,14:38:26
9/26/22,14:38:26,10,200330,25SQCMICSBB26B800B147,DOC,1,14:38:26
9/26/22,14:38:26,10,200330,25SQCMICSBB26B800B147,DOC,2,14:38:26
9/26/22,14:38:26,10,200330,25SQCMICSBB26B800B147,DOC,1,14:38:26
9/26/22,14:38:26,10,200330,25SQCMICSBB26B800B147,DOC,2,14:38:26
9/26/22,14:38:27,10,200330,25SQCMICSBB26B800B147,DOC,1,14:38:27
9/26/22,14:38:27,10,200330,25SQCMICSBB26B800B147,DOC,2,14:38:27
9/26/22,14:38:27,10,200330,25SQCMICSBB26B800B147,DOC,1,14:38:27
9/26/22,14:38:27,10,200330,25SQCMICSBB26B800B147,DOC,2,14:38:27
9/26/22,14:38:27,10,200330,25SQCMICSBB26B800B147,DOC,1,14:38:27
9/26/22,14:38:27,10,200330,25SQCMICSBB26B800B147,DOC,2,14:38:27
9/26/22,14:38:27,10,200330,25SQCMICSBB26B800B147,DOC,1,14:38:27
9/26/22,14:38:27,10,200330,25SQCMICSBB26B800B147,DOC,2,14:38:27
9/26/22,14:38:28,10,200330,25SQCMICSBB26B800B147,DOC,1,14:38:28
9/26/22,14:55:29,10,200330,25SQCMICSBB26B800B147,DOC,1,14:55:29
9/26/22,14:55:32,10,200330,25SQCMICSBB26B800B147,DOC,2,14:55:32
9/26/22,14:55:32,10,200330,25SQCMICSBB26B800B147,DOC,1,14:55:32
9/26/22,14:55:32,10,200330,25SQCMICSBB26B800B147,DOC,2,14:55:32
9/26/22,14:55:33,10,200330,25SQCMICSBB26B800B147,DOC,1,14:55:33
9/26/22,14:55:33,10,200330,25SQCMICSBB26B800B147,DOC,2,14:55:33
9/26/22,12:54:35,10,200330,25SQCMICSBB26B900B0A1,DOC,1,12:54:35
9/26/22,12:54:36,10,200330,25SQCMICSBB26B900B0A1,DOC,2,12:54:36
9/26/22,12:54:37,10,200330,25SQCMICSBB26B900B0A1,DOC,2,12:54:37
9/26/22,13:15:39,10,200330,25SQCMICSBB26B900B0A1,DOC,2,13:15:39
9/26/22,13:15:40,10,200330,25SQCMICSBB26B900B0A1,DOC,2,13:15:40
9/26/22,13:15:40,10,200330,25SQCMICSBB26B900B0A1,DOC,2,13:15:40
9/26/22,13:15:40,10,200330,25SQCMICSBB26B900B0A1,DOC,2,13:15:40
9/26/22,13:15:41,10,200330,25SQCMICSBB26B900B0A1,DOC,1,13:15:41
9/26/22,15:00:00,10,200330,25SQCMICSBB26B900B0A1,DOC,1,15:00:00
9/26/22,15:00:01,10,200330,25SQCMICSBB26B900B0A1,DOC,2,15:00:01
9/26/22,15:00:02,10,200330,25SQCMICSBB26B900B0A1,DOC,1,15:00:02
9/26/22,15:00:02,10,200330,25SQCMICSBB26B900B0A1,DOC,2,15:00:02
9/26/22,15:00:02,10,200330,25SQCMICSBB26B900B0A1,DOC,1,15:00:02
9/26/22,15:00:04,10,200330,25SQCMICSBB26B900B0A1,DOC,2,15:00:04
9/26/22,15:17:01,10,200330,25SQCMICSBB26B900B0A1,DOC,2,15:17:01
9/26/22,15:17:02,10,200330,25SQCMICSBB26B900B0A1,DOC,1,15:17:02
9/26/22,15:17:02,10,200330,25SQCMICSBB26B900B0A1,DOC,2,15:17:02
9/26/22,15:17:02,10,200330,25SQCMICSBB26B900B0A1,DOC,1,15:17:02
9/26/22,15:17:02,10,200330,25SQCMICSBB26B900B0A1,DOC,2,15:17:02
9/26/22,15:54:54,10,200330,25SQCMICSBB26B900B0A1,DOC,2,15:54:54
9/26/22,16:03:20,10,200330,25SQCMICSBB26B900B0A1,DOC,2,16:03:20
9/26/22,16:03:21,10,200330,25SQCMICSBB26B900B0A1,DOC,1,16:03:21
9/26/22,16:03:21,10,200330,25SQCMICSBB26B900B0A1,DOC,2,16:03:21
9/26/22,16:03:21,10,200330,25SQCMICSBB26B900B0A1,DOC,1,16:03:21
9/26/22,16:03:21,10,200330,25SQCMICSBB26B900B0A1,DOC,2,16:03:21
9/26/22,16:03:21,10,200330,25SQCMICSBB26B900B0A1,DOC,1,16:03:21
9/26/22,16:03:21,10,200330,25SQCMICSBB26B900B0A1,DOC,2,16:03:21
9/26/22,16:03:21,10,200330,25SQCMICSBB26B900B0A1,DOC,1,16:03:21
9/26/22,16:47:38,10,200330,25SQCMICSBB26B900B0A1,DOC,1,16:47:38
9/26/22,16:47:40,10,200330,25SQCMICSBB26B900B0A1,DOC,2,16:47:40
9/27/22,17:14:14,10,200330,25SQCMICSBB26B900B0A1,DOC,2,17:14:14
9/27/22,17:14:16,10,200330,25SQCMICSBB26B900B0A1,DOC,1,17:14:16
9/27/22,17:39:50,10,200330,25SQCMICSBB26B900B0A1,DOC,2,17:39:50
9/27/22,17:39:51,10,200330,25SQCMICSBB26B900B0A1,DOC,1,17:39:51
9/27/22,17:39:51,10,200330,25SQCMICSBB26B900B0A1,DOC,2,17:39:51
9/27/22,17:59:34,10,200330,25SQCMICSBB26B900B0A1,DOC,2,17:59:34
9/27/22,17:59:35,10,200330,25SQCMICSBB26B900B0A1,DOC,1,17:59:35
9/27/22,18:17:15,10,200330,25SQCMICSBB26B900B0A1,DOC,1,18:17:15
9/27/22,18:17:17,10,200330,25SQCMICSBB26B900B0A1,DOC,2,18:17:17
9/26/22,13:48:31,13,200328,25SQCMICSBB26BC00B2CC,DOC,2,13:48:31
9/26/22,13:48:35,13,200328,25SQCMICSBB26BC00B2CC,DOC,1,13:48:35
9/26/22,13:48:35,13,200328,25SQCMICSBB26BC00B2CC,DOC,2,13:48:35
9/26/22,13:53:14,13,200328,25SQCMICSBB26BC00B2CC,DOC,1,13:53:14
9/26/22,13:53:15,13,200328,25SQCMICSBB26BC00B2CC,DOC,2,13:53:15
9/26/22,14:34:30,13,200328,25SQCMICSBB26BC00B2CC,DOC,2,14:34:30
9/26/22,14:34:32,13,200328,25SQCMICSBB26BC00B2CC,DOC,1,14:34:32
9/26/22,14:34:32,13,200328,25SQCMICSBB26BC00B2CC,DOC,2,14:34:32
9/26/22,14:34:32,13,200328,25SQCMICSBB26BC00B2CC,DOC,1,14:34:32
9/26/22,14:38:00,13,200328,25SQCMICSBB26BC00B2CC,DOC,1,14:38:00
9/26/22,14:38:09,13,200328,25SQCMICSBB26BC00B2CC,DOC,1,14:38:09
9/26/22,14:38:10,13,200328,25SQCMICSBB26BC00B2CC,DOC,2,14:38:10
9/26/22,14:52:00,10,200330,25SQCMICSBB275300B121,DOC,2,14:52:00
9/26/22,14:52:00,10,200330,25SQCMICSBB275300B121,DOC,1,14:52:00
9/26/22,14:52:00,10,200330,25SQCMICSBB275300B121,DOC,2,14:52:00
9/26/22,14:52:00,10,200330,25SQCMICSBB275300B121,DOC,1,14:52:00
9/26/22,14:52:00,10,200330,25SQCMICSBB275300B121,DOC,2,14:52:00
9/26/22,14:52:00,10,200330,25SQCMICSBB275300B121,DOC,1,14:52:00
9/26/22,14:52:05,10,200330,25SQCMICSBB275300B121,DOC,1,14:52:05
9/26/22,14:53:52,10,200330,25SQCMICSBB275300B121,DOC,1,14:53:52
9/26/22,14:53:52,10,200330,25SQCMICSBB275300B121,DOC,2,14:53:52
9/26/22,14:53:52,10,200330,25SQCMICSBB275300B121,DOC,1,14:53:52
9/26/22,14:53:52,10,200330,25SQCMICSBB275300B121,DOC,2,14:53:52
9/26/22,14:54:10,10,200330,25SQCMICSBB275300B121,DOC,2,14:54:10
9/26/22,15:32:12,13,200328,25SQCMICSBB275700B2EE,DOC,2,15:32:12
9/26/22,15:32:14,13,200328,25SQCMICSBB275700B2EE,DOC,1,15:32:14
9/26/22,15:38:40,13,200328,25SQCMICSBB275700B2EE,DOC,1,15:38:40
9/26/22,15:38:41,13,200328,25SQCMICSBB275700B2EE,DOC,2,15:38:41
9/26/22,15:33:06,13,200328,25SQCMICSBB3B6400B294,DOC,2,15:33:06
9/26/22,15:33:07,13,200328,25SQCMICSBB3B6400B294,DOC,1,15:33:07
9/26/22,15:33:47,13,200328,25SQCMICSBB3B6400B294,DOC,1,15:33:47
9/26/22,15:33:48,13,200328,25SQCMICSBB3B6400B294,DOC,2,15:33:48
9/26/22,14:18:09,10,200330,25SQCMICSBB3B8D00B160,DOC,2,14:18:09
9/26/22,14:18:09,10,200330,25SQCMICSBB3B8D00B160,DOC,1,14:18:09
9/26/22,14:18:09,10,200330,25SQCMICSBB3B8D00B160,DOC,2,14:18:09
9/26/22,14:18:10,10,200330,25SQCMICSBB3B8D00B160,DOC,2,14:18:10
9/26/22,14:18:11,10,200330,25SQCMICSBB3B8D00B160,DOC,1,14:18:11
9/26/22,14:18:11,10,200330,25SQCMICSBB3B8D00B160,DOC,2,14:18:11
9/26/22,14:18:12,10,200330,25SQCMICSBB3B8D00B160,DOC,1,14:18:12
9/26/22,14:18:12,10,200330,25SQCMICSBB3B8D00B160,DOC,2,14:18:12
9/26/22,14:18:12,10,200330,25SQCMICSBB3B8D00B160,DOC,1,14:18:12
9/26/22,14:18:12,10,200330,25SQCMICSBB3B8D00B160,DOC,2,14:18:12
9/26/22,14:18:13,10,200330,25SQCMICSBB3B8D00B160,DOC,1,14:18:13
9/26/22,14:18:13,10,200330,25SQCMICSBB3B8D00B160,DOC,2,14:18:13
9/26/22,14:18:13,10,200330,25SQCMICSBB3B8D00B160,DOC,1,14:18:13
9/26/22,14:18:13,10,200330,25SQCMICSBB3B8D00B160,DOC,2,14:18:13
9/26/22,14:18:13,10,200330,25SQCMICSBB3B8D00B160,DOC,1,14:18:13
9/26/22,14:18:13,10,200330,25SQCMICSBB3B8D00B160,DOC,2,14:18:13
9/26/22,14:18:13,10,200330,25SQCMICSBB3B8D00B160,DOC,1,14:18:13
9/26/22,14:18:13,10,200330,25SQCMICSBB3B8D00B160,DOC,2,14:18:13
9/26/22,14:18:14,10,200330,25SQCMICSBB3B8D00B160,DOC,1,14:18:14
9/26/22,14:18:14,10,200330,25SQCMICSBB3B8D00B160,DOC,2,14:18:14
9/26/22,14:18:14,10,200330,25SQCMICSBB3B8D00B160,DOC,1,14:18:14
9/26/22,14:18:14,10,200330,25SQCMICSBB3B8D00B160,DOC,2,14:18:14
9/26/22,14:18:14,10,200330,25SQCMICSBB3B8D00B160,DOC,1,14:18:14
9/26/22,14:18:14,10,200330,25SQCMICSBB3B8D00B160,DOC,2,14:18:14
9/26/22,14:18:14,10,200330,25SQCMICSBB3B8D00B160,DOC,1,14:18:14
9/26/22,14:18:14,10,200330,25SQCMICSBB3B8D00B160,DOC,2,14:18:14
9/26/22,14:18:15,10,200330,25SQCMICSBB3B8D00B160,DOC,1,14:18:15
9/26/22,14:18:15,10,200330,25SQCMICSBB3B8D00B160,DOC,2,14:18:15
9/26/22,14:18:15,10,200330,25SQCMICSBB3B8D00B160,DOC,1,14:18:15
9/26/22,14:18:15,10,200330,25SQCMICSBB3B8D00B160,DOC,2,14:18:15
9/26/22,14:18:15,10,200330,25SQCMICSBB3B8D00B160,DOC,1,14:18:15
9/26/22,14:18:15,10,200330,25SQCMICSBB3B8D00B160,DOC,2,14:18:15
9/26/22,14:18:15,10,200330,25SQCMICSBB3B8D00B160,DOC,1,14:18:15
9/26/22,14:18:15,10,200330,25SQCMICSBB3B8D00B160,DOC,2,14:18:15
9/26/22,14:18:16,10,200330,25SQCMICSBB3B8D00B160,DOC,1,14:18:16
9/26/22,14:18:16,10,200330,25SQCMICSBB3B8D00B160,DOC,2,14:18:16
9/26/22,14:18:16,10,200330,25SQCMICSBB3B8D00B160,DOC,1,14:18:16
9/26/22,14:18:16,10,200330,25SQCMICSBB3B8D00B160,DOC,2,14:18:16
9/26/22,14:18:16,10,200330,25SQCMICSBB3B8D00B160,DOC,1,14:18:16
9/26/22,14:18:16,10,200330,25SQCMICSBB3B8D00B160,DOC,2,14:18:16
9/26/22,14:18:16,10,200330,25SQCMICSBB3B8D00B160,DOC,1,14:18:16
9/26/22,14:18:16,10,200330,25SQCMICSBB3B8D00B160,DOC,2,14:18:16
9/26/22,14:18:16,10,200330,25SQCMICSBB3B8D00B160,DOC,1,14:18:16
9/26/22,14:18:16,10,200330,25SQCMICSBB3B8D00B160,DOC,2,14:18:16
9/26/22,14:18:17,10,200330,25SQCMICSBB3B8D00B160,DOC,1,14:18:17
9/26/22,14:18:17,10,200330,25SQCMICSBB3B8D00B160,DOC,2,14:18:17
9/26/22,14:18:17,10,200330,25SQCMICSBB3B8D00B160,DOC,1,14:18:17
9/26/22,14:18:17,10,200330,25SQCMICSBB3B8D00B160,DOC,2,14:18:17
9/26/22,14:18:17,10,200330,25SQCMICSBB3B8D00B160,DOC,1,14:18:17
9/26/22,14:18:17,10,200330,25SQCMICSBB3B8D00B160,DOC,2,14:18:17
9/26/22,14:18:17,10,200330,25SQCMICSBB3B8D00B160,DOC,1,14:18:17
9/26/22,14:18:17,10,200330,25SQCMICSBB3B8D00B160,DOC,2,14:18:17
9/26/22,14:18:18,10,200330,25SQCMICSBB3B8D00B160,DOC,1,14:18:18
9/26/22,14:18:18,10,200330,25SQCMICSBB3B8D00B160,DOC,2,14:18:18
9/26/22,14:18:18,10,200330,25SQCMICSBB3B8D00B160,DOC,1,14:18:18
9/26/22,14:18:18,10,200330,25SQCMICSBB3B8D00B160,DOC,2,14:18:18
9/26/22,14:18:18,10,200330,25SQCMICSBB3B8D00B160,DOC,1,14:18:18
9/26/22,14:20:26,10,200330,25SQCMICSBB3B8D00B160,DOC,1,14:20:26
9/26/22,14:20:28,10,200330,25SQCMICSBB3B8D00B160,DOC,2,14:20:28
9/26/22,14:58:55,10,200330,25SQCMICSBB3B8D00B160,DOC,2,14:58:55
9/26/22,14:59:00,10,200330,25SQCMICSBB3B8D00B160,DOC,2,14:59:00
9/26/22,14:59:01,10,200330,25SQCMICSBB3B8D00B160,DOC,1,14:59:01
9/26/22,14:59:01,10,200330,25SQCMICSBB3B8D00B160,DOC,2,14:59:01
9/26/22,14:59:01,10,200330,25SQCMICSBB3B8D00B160,DOC,1,14:59:01
9/26/22,15:05:54,10,200330,25SQCMICSBB3B8D00B160,DOC,2,15:05:54
9/26/22,15:05:55,10,200330,25SQCMICSBB3B8D00B160,DOC,2,15:05:55
9/26/22,10:06:20,10,200330,25SQCMICSBB3F0A00B250,DOC,2,10:06:20
9/26/22,10:11:07,10,200330,25SQCMICSBB3F0A00B250,DOC,1,10:11:07
9/26/22,10:11:08,10,200330,25SQCMICSBB3F0A00B250,DOC,2,10:11:08
9/26/22,10:18:30,10,200330,25SQCMICSBB3F0A00B250,DOC,2,10:18:30
9/26/22,10:18:31,10,200330,25SQCMICSBB3F0A00B250,DOC,1,10:18:31
9/26/22,10:25:03,10,200330,25SQCMICSBB3F0A00B250,DOC,1,10:25:03
9/26/22,10:25:03,10,200330,25SQCMICSBB3F0A00B250,DOC,2,10:25:03
9/26/22,10:25:04,10,200330,25SQCMICSBB3F0A00B250,DOC,1,10:25:04
9/26/22,10:25:04,10,200330,25SQCMICSBB3F0A00B250,DOC,2,10:25:04
9/26/22,10:25:04,10,200330,25SQCMICSBB3F0A00B250,DOC,1,10:25:04
9/26/22,10:25:04,10,200330,25SQCMICSBB3F0A00B250,DOC,2,10:25:04
9/26/22,10:31:55,10,200330,25SQCMICSBB3F0A00B250,DOC,1,10:31:55
9/26/22,10:43:32,10,200330,25SQCMICSBB3F0A00B250,DOC,1,10:43:32
9/26/22,10:43:34,10,200330,25SQCMICSBB3F0A00B250,DOC,2,10:43:34
9/26/22,10:51:30,10,200330,25SQCMICSBB3F0A00B250,DOC,2,10:51:30
9/26/22,10:51:31,10,200330,25SQCMICSBB3F0A00B250,DOC,1,10:51:31
9/26/22,10:51:31,10,200330,25SQCMICSBB3F0A00B250,DOC,2,10:51:31
9/26/22,10:51:31,10,200330,25SQCMICSBB3F0A00B250,DOC,1,10:51:31
9/26/22,10:51:31,10,200330,25SQCMICSBB3F0A00B250,DOC,2,10:51:31
9/26/22,10:51:32,10,200330,25SQCMICSBB3F0A00B250,DOC,1,10:51:32
9/26/22,11:00:59,10,200330,25SQCMICSBB3F0A00B250,DOC,1,11:00:59
9/26/22,11:01:00,10,200330,25SQCMICSBB3F0A00B250,DOC,2,11:01:00
9/26/22,11:08:06,10,200330,25SQCMICSBB3F0A00B250,DOC,2,11:08:06
9/26/22,11:08:07,10,200330,25SQCMICSBB3F0A00B250,DOC,1,11:08:07
9/26/22,11:08:07,10,200330,25SQCMICSBB3F0A00B250,DOC,2,11:08:07
9/26/22,11:08:08,10,200330,25SQCMICSBB3F0A00B250,DOC,1,11:08:08
9/26/22,11:08:08,10,200330,25SQCMICSBB3F0A00B250,DOC,2,11:08:08
9/26/22,11:08:08,10,200330,25SQCMICSBB3F0A00B250,DOC,1,11:08:08
9/26/22,11:08:08,10,200330,25SQCMICSBB3F0A00B250,DOC,2,11:08:08
9/26/22,11:08:08,10,200330,25SQCMICSBB3F0A00B250,DOC,1,11:08:08
9/26/22,11:16:45,10,200330,25SQCMICSBB3F0A00B250,DOC,1,11:16:45
9/26/22,11:16:45,10,200330,25SQCMICSBB3F0A00B250,DOC,2,11:16:45
9/26/22,11:30:39,10,200330,25SQCMICSBB3F0A00B250,DOC,2,11:30:39
9/26/22,11:35:00,10,200330,25SQCMICSBB3F0A00B250,DOC,1,11:35:00
9/26/22,11:35:01,10,200330,25SQCMICSBB3F0A00B250,DOC,2,11:35:01
9/26/22,11:54:48,10,200330,25SQCMICSBB3F0A00B250,DOC,2,11:54:48
9/26/22,11:54:53,10,200330,25SQCMICSBB3F0A00B250,DOC,2,11:54:53
9/26/22,11:54:57,10,200330,25SQCMICSBB3F0A00B250,DOC,1,11:54:57
9/26/22,11:58:11,10,200330,25SQCMICSBB3F0A00B250,DOC,1,11:58:11
9/26/22,11:58:12,10,200330,25SQCMICSBB3F0A00B250,DOC,2,11:58:12
9/26/22,12:27:50,10,200330,25SQCMICSBB3F0A00B250,DOC,2,12:27:50
9/26/22,12:27:52,10,200330,25SQCMICSBB3F0A00B250,DOC,1,12:27:52
9/26/22,12:27:52,10,200330,25SQCMICSBB3F0A00B250,DOC,2,12:27:52
9/26/22,12:27:52,10,200330,25SQCMICSBB3F0A00B250,DOC,1,12:27:52
9/26/22,12:32:34,10,200330,25SQCMICSBB3F0A00B250,DOC,1,12:32:34
9/26/22,12:32:35,10,200330,25SQCMICSBB3F0A00B250,DOC,2,12:32:35
9/26/22,12:38:02,10,200330,25SQCMICSBB3F0A00B250,DOC,2,12:38:02
9/26/22,12:38:02,10,200330,25SQCMICSBB3F0A00B250,DOC,1,12:38:02
9/26/22,12:38:02,10,200330,25SQCMICSBB3F0A00B250,DOC,2,12:38:02
9/26/22,12:38:02,10,200330,25SQCMICSBB3F0A00B250,DOC,1,12:38:02
9/26/22,12:43:59,10,200330,25SQCMICSBB3F0A00B250,DOC,1,12:43:59
9/26/22,12:43:59,10,200330,25SQCMICSBB3F0A00B250,DOC,2,12:43:59
9/26/22,12:51:45,10,200330,25SQCMICSBB3F0A00B250,DOC,2,12:51:45
9/26/22,12:51:49,10,200330,25SQCMICSBB3F0A00B250,DOC,1,12:51:49
9/26/22,12:51:49,10,200330,25SQCMICSBB3F0A00B250,DOC,2,12:51:49
9/26/22,12:51:49,10,200330,25SQCMICSBB3F0A00B250,DOC,1,12:51:49
9/26/22,13:00:28,10,200330,25SQCMICSBB3F0A00B250,DOC,1,13:00:28
9/26/22,13:00:28,10,200330,25SQCMICSBB3F0A00B250,DOC,2,13:00:28
9/26/22,13:00:28,10,200330,25SQCMICSBB3F0A00B250,DOC,1,13:00:28
9/26/22,13:00:28,10,200330,25SQCMICSBB3F0A00B250,DOC,2,13:00:28
9/26/22,13:07:30,10,200330,25SQCMICSBB3F0A00B250,DOC,2,13:07:30
9/26/22,13:07:30,10,200330,25SQCMICSBB3F0A00B250,DOC,1,13:07:30
9/26/22,13:07:30,10,200330,25SQCMICSBB3F0A00B250,DOC,2,13:07:30
9/26/22,13:07:31,10,200330,25SQCMICSBB3F0A00B250,DOC,1,13:07:31
9/26/22,13:07:31,10,200330,25SQCMICSBB3F0A00B250,DOC,2,13:07:31
9/26/22,13:07:31,10,200330,25SQCMICSBB3F0A00B250,DOC,1,13:07:31
9/26/22,13:07:31,10,200330,25SQCMICSBB3F0A00B250,DOC,2,13:07:31
9/26/22,13:07:31,10,200330,25SQCMICSBB3F0A00B250,DOC,1,13:07:31
9/26/22,13:07:31,10,200330,25SQCMICSBB3F0A00B250,DOC,2,13:07:31
9/26/22,13:07:31,10,200330,25SQCMICSBB3F0A00B250,DOC,1,13:07:31
9/26/22,13:07:31,10,200330,25SQCMICSBB3F0A00B250,DOC,2,13:07:31
9/26/22,13:07:32,10,200330,25SQCMICSBB3F0A00B250,DOC,1,13:07:32
9/26/22,13:15:45,10,200330,25SQCMICSBB3F0A00B250,DOC,1,13:15:45
9/26/22,13:15:45,10,200330,25SQCMICSBB3F0A00B250,DOC,2,13:15:45
9/26/22,13:24:04,10,200330,25SQCMICSBB3F0A00B250,DOC,2,13:24:04
9/26/22,13:24:05,10,200330,25SQCMICSBB3F0A00B250,DOC,1,13:24:05
9/26/22,13:24:05,10,200330,25SQCMICSBB3F0A00B250,DOC,2,13:24:05
9/26/22,13:24:05,10,200330,25SQCMICSBB3F0A00B250,DOC,1,13:24:05
9/26/22,13:24:05,10,200330,25SQCMICSBB3F0A00B250,DOC,2,13:24:05
9/26/22,13:24:06,10,200330,25SQCMICSBB3F0A00B250,DOC,1,13:24:06
9/26/22,13:35:18,10,200330,25SQCMICSBB3F0A00B250,DOC,1,13:35:18
9/26/22,13:35:18,10,200330,25SQCMICSBB3F0A00B250,DOC,2,13:35:18
9/26/22,13:35:19,10,200330,25SQCMICSBB3F0A00B250,DOC,1,13:35:19
9/26/22,13:35:20,10,200330,25SQCMICSBB3F0A00B250,DOC,2,13:35:20
9/26/22,13:40:22,10,200330,25SQCMICSBB3F0A00B250,DOC,2,13:40:22
9/26/22,13:40:24,10,200330,25SQCMICSBB3F0A00B250,DOC,1,13:40:24
9/26/22,13:40:24,10,200330,25SQCMICSBB3F0A00B250,DOC,2,13:40:24
9/26/22,13:40:24,10,200330,25SQCMICSBB3F0A00B250,DOC,1,13:40:24
9/26/22,13:49:56,10,200330,25SQCMICSBB3F0A00B250,DOC,1,13:49:56
9/26/22,13:49:57,10,200330,25SQCMICSBB3F0A00B250,DOC,2,13:49:57
9/26/22,13:58:13,10,200330,25SQCMICSBB3F0A00B250,DOC,2,13:58:13
9/26/22,13:58:13,10,200330,25SQCMICSBB3F0A00B250,DOC,1,13:58:13
9/26/22,14:07:30,10,200330,25SQCMICSBB3F0A00B250,DOC,1,14:07:30
9/26/22,14:07:32,10,200330,25SQCMICSBB3F0A00B250,DOC,2,14:07:32
9/26/22,14:12:38,10,200330,25SQCMICSBB3F0A00B250,DOC,2,14:12:38
9/26/22,14:12:39,10,200330,25SQCMICSBB3F0A00B250,DOC,1,14:12:39
9/26/22,14:24:00,10,200330,25SQCMICSBB3F0A00B250,DOC,1,14:24:00
9/26/22,14:24:00,10,200330,25SQCMICSBB3F0A00B250,DOC,2,14:24:00
9/26/22,14:30:42,10,200330,25SQCMICSBB3F0A00B250,DOC,2,14:30:42
9/26/22,14:30:42,10,200330,25SQCMICSBB3F0A00B250,DOC,1,14:30:42
9/26/22,14:41:39,10,200330,25SQCMICSBB3F0A00B250,DOC,1,14:41:39
9/26/22,14:41:39,10,200330,25SQCMICSBB3F0A00B250,DOC,2,14:41:39
9/26/22,14:41:40,10,200330,25SQCMICSBB3F0A00B250,DOC,1,14:41:40
9/26/22,14:41:40,10,200330,25SQCMICSBB3F0A00B250,DOC,2,14:41:40
9/26/22,14:41:40,10,200330,25SQCMICSBB3F0A00B250,DOC,1,14:41:40
9/26/22,14:41:40,10,200330,25SQCMICSBB3F0A00B250,DOC,2,14:41:40
9/26/22,14:41:40,10,200330,25SQCMICSBB3F0A00B250,DOC,1,14:41:40
9/26/22,14:41:40,10,200330,25SQCMICSBB3F0A00B250,DOC,2,14:41:40
9/26/22,14:48:03,10,200330,25SQCMICSBB3F0A00B250,DOC,2,14:48:03
9/26/22,14:48:04,10,200330,25SQCMICSBB3F0A00B250,DOC,1,14:48:04
9/26/22,14:48:04,10,200330,25SQCMICSBB3F0A00B250,DOC,2,14:48:04
9/26/22,14:48:04,10,200330,25SQCMICSBB3F0A00B250,DOC,1,14:48:04
9/26/22,15:00:13,10,200330,25SQCMICSBB3F0A00B250,DOC,1,15:00:13
9/26/22,15:00:13,10,200330,25SQCMICSBB3F0A00B250,DOC,2,15:00:13
9/26/22,15:00:13,10,200330,25SQCMICSBB3F0A00B250,DOC,1,15:00:13
9/26/22,15:00:14,10,200330,25SQCMICSBB3F0A00B250,DOC,2,15:00:14
9/26/22,15:04:53,10,200330,25SQCMICSBB3F0A00B250,DOC,2,15:04:53
9/26/22,15:04:54,10,200330,25SQCMICSBB3F0A00B250,DOC,1,15:04:54
9/26/22,15:04:54,10,200330,25SQCMICSBB3F0A00B250,DOC,2,15:04:54
9/26/22,15:14:07,10,200330,25SQCMICSBB3F0A00B250,DOC,1,15:14:07
9/26/22,15:14:09,10,200330,25SQCMICSBB3F0A00B250,DOC,2,15:14:09
9/26/22,15:28:56,10,200330,25SQCMICSBB3F0A00B250,DOC,2,15:28:56
9/26/22,15:40:36,10,200330,25SQCMICSBB3F0A00B250,DOC,1,15:40:36
9/26/22,15:40:36,10,200330,25SQCMICSBB3F0A00B250,DOC,2,15:40:36
9/26/22,15:45:40,10,200330,25SQCMICSBB3F0A00B250,DOC,2,15:45:40
9/26/22,15:45:41,10,200330,25SQCMICSBB3F0A00B250,DOC,1,15:45:41
9/26/22,15:45:41,10,200330,25SQCMICSBB3F0A00B250,DOC,2,15:45:41
9/26/22,15:45:41,10,200330,25SQCMICSBB3F0A00B250,DOC,1,15:45:41
9/26/22,15:51:55,10,200330,25SQCMICSBB3F0A00B250,DOC,1,15:51:55
9/26/22,15:51:56,10,200330,25SQCMICSBB3F0A00B250,DOC,2,15:51:56
9/26/22,14:46:17,10,200330,25SQCMICSBB3FB600B1C9,DOC,2,14:46:17
9/26/22,14:46:18,10,200330,25SQCMICSBB3FB600B1C9,DOC,1,14:46:18
9/26/22,14:46:18,10,200330,25SQCMICSBB3FB600B1C9,DOC,2,14:46:18
9/26/22,14:46:18,10,200330,25SQCMICSBB3FB600B1C9,DOC,1,14:46:18
9/26/22,14:46:21,10,200330,25SQCMICSBB3FB600B1C9,DOC,2,14:46:21
9/26/22,14:46:21,10,200330,25SQCMICSBB3FB600B1C9,DOC,1,14:46:21
9/26/22,14:46:28,10,200330,25SQCMICSBB3FB600B1C9,DOC,1,14:46:28
9/26/22,14:51:16,10,200330,25SQCMICSBB3FB600B1C9,DOC,1,14:51:16
9/26/22,14:51:16,10,200330,25SQCMICSBB3FB600B1C9,DOC,2,14:51:16
9/26/22,15:09:15,10,200330,25SQCMICSBB3FB600B1C9,DOC,2,15:09:15
9/26/22,15:36:35,10,200330,25SQCMICSBB3FB600B1C9,DOC,2,15:36:35
9/26/22,15:36:37,10,200330,25SQCMICSBB3FB600B1C9,DOC,1,15:36:37
9/26/22,15:36:37,10,200330,25SQCMICSBB3FB600B1C9,DOC,2,15:36:37
9/26/22,15:38:50,10,200330,25SQCMICSBB3FB600B1C9,DOC,1,15:38:50
9/26/22,15:38:52,10,200330,25SQCMICSBB3FB600B1C9,DOC,2,15:38:52
9/26/22,10:06:00,10,200330,25SQCMICSBB418C00B272,DOC,2,10:06:00
9/26/22,10:06:00,10,200330,25SQCMICSBB418C00B272,DOC,1,10:06:00
9/26/22,10:06:00,10,200330,25SQCMICSBB418C00B272,DOC,2,10:06:00
9/26/22,10:12:18,10,200330,25SQCMICSBB418C00B272,DOC,1,10:12:18
9/26/22,10:12:18,10,200330,25SQCMICSBB418C00B272,DOC,2,10:12:18
9/26/22,10:12:18,10,200330,25SQCMICSBB418C00B272,DOC,1,10:12:18
9/26/22,10:12:18,10,200330,25SQCMICSBB418C00B272,DOC,2,10:12:18
9/26/22,10:24:59,10,200330,25SQCMICSBB418C00B272,DOC,1,10:24:59
9/26/22,10:25:00,10,200330,25SQCMICSBB418C00B272,DOC,2,10:25:00
9/26/22,10:28:29,10,200330,25SQCMICSBB418C00B272,DOC,2,10:28:29
9/26/22,10:28:29,10,200330,25SQCMICSBB418C00B272,DOC,1,10:28:29
9/26/22,10:28:29,10,200330,25SQCMICSBB418C00B272,DOC,2,10:28:29
9/26/22,10:28:29,10,200330,25SQCMICSBB418C00B272,DOC,1,10:28:29
9/26/22,10:28:29,10,200330,25SQCMICSBB418C00B272,DOC,2,10:28:29
9/26/22,10:28:30,10,200330,25SQCMICSBB418C00B272,DOC,1,10:28:30
9/26/22,10:28:30,10,200330,25SQCMICSBB418C00B272,DOC,2,10:28:30
9/26/22,10:28:30,10,200330,25SQCMICSBB418C00B272,DOC,1,10:28:30
9/26/22,10:28:30,10,200330,25SQCMICSBB418C00B272,DOC,2,10:28:30
9/26/22,10:28:30,10,200330,25SQCMICSBB418C00B272,DOC,1,10:28:30
9/26/22,10:37:51,10,200330,25SQCMICSBB418C00B272,DOC,1,10:37:51
9/26/22,10:37:54,10,200330,25SQCMICSBB418C00B272,DOC,2,10:37:54
9/26/22,10:41:03,10,200330,25SQCMICSBB418C00B272,DOC,2,10:41:03
9/26/22,10:41:03,10,200330,25SQCMICSBB418C00B272,DOC,1,10:41:03
9/26/22,10:41:03,10,200330,25SQCMICSBB418C00B272,DOC,2,10:41:03
9/26/22,10:41:04,10,200330,25SQCMICSBB418C00B272,DOC,1,10:41:04
9/26/22,10:50:36,10,200330,25SQCMICSBB418C00B272,DOC,1,10:50:36
9/26/22,10:50:37,10,200330,25SQCMICSBB418C00B272,DOC,2,10:50:37
9/26/22,11:04:11,10,200330,25SQCMICSBB418C00B272,DOC,1,11:04:11
9/26/22,11:04:11,10,200330,25SQCMICSBB418C00B272,DOC,2,11:04:11
9/26/22,11:09:44,10,200330,25SQCMICSBB418C00B272,DOC,2,11:09:44
9/26/22,11:19:23,10,200330,25SQCMICSBB418C00B272,DOC,1,11:19:23
9/26/22,11:19:24,10,200330,25SQCMICSBB418C00B272,DOC,2,11:19:24
9/26/22,11:22:01,10,200330,25SQCMICSBB418C00B272,DOC,2,11:22:01
9/26/22,11:22:02,10,200330,25SQCMICSBB418C00B272,DOC,1,11:22:02
9/26/22,11:22:02,10,200330,25SQCMICSBB418C00B272,DOC,2,11:22:02
9/26/22,11:31:47,10,200330,25SQCMICSBB418C00B272,DOC,1,11:31:47
9/26/22,11:31:47,10,200330,25SQCMICSBB418C00B272,DOC,2,11:31:47
9/26/22,11:36:39,10,200330,25SQCMICSBB418C00B272,DOC,2,11:36:39
9/26/22,15:43:12,10,200330,25SQCMICSBB44E000B124,DOC,2,15:43:12
9/26/22,15:43:14,10,200330,25SQCMICSBB44E000B124,DOC,1,15:43:14
9/26/22,15:43:14,10,200330,25SQCMICSBB44E000B124,DOC,2,15:43:14
9/26/22,15:43:14,10,200330,25SQCMICSBB44E000B124,DOC,1,15:43:14
9/26/22,15:43:14,10,200330,25SQCMICSBB44E000B124,DOC,2,15:43:14
9/26/22,15:43:14,10,200330,25SQCMICSBB44E000B124,DOC,1,15:43:14
9/26/22,15:43:18,10,200330,25SQCMICSBB44E000B124,DOC,2,15:43:18
9/26/22,15:48:19,10,200330,25SQCMICSBB44E000B124,DOC,2,15:48:19
9/26/22,15:48:20,10,200330,25SQCMICSBB44E000B124,DOC,1,15:48:20
9/26/22,10:56:22,10,200330,25SQCMICSBB46D600B0A0,DOC,2,10:56:22
9/26/22,10:56:23,10,200330,25SQCMICSBB46D600B0A0,DOC,1,10:56:23
9/26/22,11:11:48,10,200330,25SQCMICSBB46D600B0A0,DOC,1,11:11:48
9/26/22,11:11:48,10,200330,25SQCMICSBB46D600B0A0,DOC,2,11:11:48
9/26/22,12:56:04,10,200330,25SQCMICSBB46D600B0A0,DOC,2,12:56:04
9/26/22,12:56:06,10,200330,25SQCMICSBB46D600B0A0,DOC,1,12:56:06
9/26/22,15:38:02,10,200330,25SQCMICSBB46D600B0A0,DOC,1,15:38:02
9/26/22,15:38:03,10,200330,25SQCMICSBB46D600B0A0,DOC,2,15:38:03
9/26/22,15:33:18,13,200328,25SQCMICSBB58D700B291,DOC,2,15:33:18
9/26/22,15:33:21,13,200328,25SQCMICSBB58D700B291,DOC,1,15:33:21
9/26/22,15:33:21,13,200328,25SQCMICSBB58D700B291,DOC,2,15:33:21
9/26/22,15:33:21,13,200328,25SQCMICSBB58D700B291,DOC,1,15:33:21
9/26/22,15:33:21,13,200328,25SQCMICSBB58D700B291,DOC,2,15:33:21
9/26/22,15:33:21,13,200328,25SQCMICSBB58D700B291,DOC,1,15:33:21
9/26/22,15:33:23,13,200328,25SQCMICSBB58D700B291,DOC,2,15:33:23
9/26/22,15:04:03,10,200330,25SQCMICSBB5AF000B1F7,DOC,2,15:04:03
9/26/22,15:04:04,10,200330,25SQCMICSBB5AF000B1F7,DOC,1,15:04:04
9/26/22,15:04:11,10,200330,25SQCMICSBB5AF000B1F7,DOC,1,15:04:11
9/26/22,15:11:13,10,200330,25SQCMICSBB5AF000B1F7,DOC,1,15:11:13
9/26/22,15:11:14,10,200330,25SQCMICSBB5AF000B1F7,DOC,2,15:11:14
9/26/22,14:33:07,10,200330,25SQCMICSBB5E8A00B1DC,DOC,2,14:33:07
9/26/22,14:33:11,10,200330,25SQCMICSBB5E8A00B1DC,DOC,1,14:33:11
9/26/22,14:33:11,10,200330,25SQCMICSBB5E8A00B1DC,DOC,2,14:33:11
9/26/22,14:33:11,10,200330,25SQCMICSBB5E8A00B1DC,DOC,1,14:33:11
9/26/22,14:33:11,10,200330,25SQCMICSBB5E8A00B1DC,DOC,2,14:33:11
9/26/22,14:46:52,10,200330,25SQCMICSBB5E8A00B1DC,DOC,1,14:46:52
9/26/22,14:46:52,10,200330,25SQCMICSBB5E8A00B1DC,DOC,2,14:46:52
9/26/22,14:46:52,10,200330,25SQCMICSBB5E8A00B1DC,DOC,1,14:46:52
9/26/22,14:46:52,10,200330,25SQCMICSBB5E8A00B1DC,DOC,2,14:46:52
9/26/22,14:58:33,10,200330,25SQCMICSBB5E8E00B237,DOC,2,14:58:33
9/26/22,14:58:35,10,200330,25SQCMICSBB5E8E00B237,DOC,1,14:58:35
9/26/22,15:28:07,10,200330,25SQCMICSBB606300B149,DOC,2,15:28:07
9/26/22,15:28:09,10,200330,25SQCMICSBB606300B149,DOC,1,15:28:09
9/26/22,15:28:09,10,200330,25SQCMICSBB606300B149,DOC,2,15:28:09
9/26/22,15:28:09,10,200330,25SQCMICSBB606300B149,DOC,1,15:28:09
9/26/22,15:28:09,10,200330,25SQCMICSBB606300B149,DOC,2,15:28:09
9/26/22,15:32:47,10,200330,25SQCMICSBB606300B149,DOC,1,15:32:47
9/26/22,15:33:39,10,200330,25SQCMICSBB606300B149,DOC,1,15:33:39
9/26/22,15:33:40,10,200330,25SQCMICSBB606300B149,DOC,2,15:33:40
9/26/22,15:01:34,10,200330,25SQCMICSBB644800B284,DOC,2,15:01:34
9/26/22,15:01:37,10,200330,25SQCMICSBB644800B284,DOC,1,15:01:37
9/26/22,15:01:37,10,200330,25SQCMICSBB644800B284,DOC,2,15:01:37
9/26/22,15:01:37,10,200330,25SQCMICSBB644800B284,DOC,1,15:01:37
9/26/22,15:01:37,10,200330,25SQCMICSBB644800B284,DOC,2,15:01:37
9/26/22,15:01:37,10,200330,25SQCMICSBB644800B284,DOC,1,15:01:37
9/26/22,15:07:02,10,200330,25SQCMICSBB644800B284,DOC,1,15:07:02
9/26/22,15:07:03,10,200330,25SQCMICSBB644800B284,DOC,2,15:07:03
9/26/22,15:07:07,10,200330,25SQCMICSBB644800B284,DOC,1,15:07:07
9/26/22,15:07:07,10,200330,25SQCMICSBB644800B284,DOC,2,15:07:07
9/26/22,15:07:07,10,200330,25SQCMICSBB644800B284,DOC,1,15:07:07
9/26/22,15:07:16,10,200330,25SQCMICSBB644800B284,DOC,1,15:07:16
9/26/22,15:07:17,10,200330,25SQCMICSBB644800B284,DOC,2,15:07:17
9/26/22,15:09:50,13,200328,25SQCMICSBB799000B2BC,DOC,2,15:09:50
9/26/22,15:09:52,13,200328,25SQCMICSBB799000B2BC,DOC,1,15:09:52
9/26/22,15:09:52,13,200328,25SQCMICSBB799000B2BC,DOC,2,15:09:52
9/26/22,15:09:52,13,200328,25SQCMICSBB799000B2BC,DOC,1,15:09:52
9/26/22,14:59:32,10,200330,25SQCMICSBB7A4800B153,DOC,2,14:59:32
9/26/22,14:59:35,10,200330,25SQCMICSBB7A4800B153,DOC,1,14:59:35
9/26/22,14:59:35,10,200330,25SQCMICSBB7A4800B153,DOC,2,14:59:35
9/26/22,14:59:35,10,200330,25SQCMICSBB7A4800B153,DOC,1,14:59:35
9/26/22,15:07:26,10,200330,25SQCMICSBB7A4800B153,DOC,1,15:07:26
9/26/22,15:07:30,10,200330,25SQCMICSBB7A4800B153,DOC,2,15:07:30
9/26/22,15:33:31,10,200330,25SQCMICSBB7B5A00B1E5,DOC,2,15:33:31
9/26/22,15:33:31,10,200330,25SQCMICSBB7B5A00B1E5,DOC,1,15:33:31
9/26/22,15:33:31,10,200330,25SQCMICSBB7B5A00B1E5,DOC,2,15:33:31
9/26/22,15:35:21,10,200330,25SQCMICSBB7B5A00B1E5,DOC,1,15:35:21
9/26/22,15:35:21,10,200330,25SQCMICSBB7B5A00B1E5,DOC,2,15:35:21
9/26/22,14:18:08,10,200330,25SQCMICSBB7CBD00B108,DOC,2,14:18:08
9/26/22,14:18:09,10,200330,25SQCMICSBB7CBD00B108,DOC,2,14:18:09
9/26/22,14:18:09,10,200330,25SQCMICSBB7CBD00B108,DOC,2,14:18:09
9/26/22,14:18:10,10,200330,25SQCMICSBB7CBD00B108,DOC,1,14:18:10
9/26/22,14:20:55,10,200330,25SQCMICSBB7CBD00B108,DOC,1,14:20:55
9/26/22,14:20:58,10,200330,25SQCMICSBB7CBD00B108,DOC,2,14:20:58
9/26/22,11:00:21,10,200330,25SQCMICSBB804500B0ED,DOC,2,11:00:21
9/26/22,11:00:22,10,200330,25SQCMICSBB804500B0ED,DOC,1,11:00:22
9/26/22,11:06:30,10,200330,25SQCMICSBB804500B0ED,DOC,2,11:06:30
9/26/22,11:06:30,10,200330,25SQCMICSBB804500B0ED,DOC,1,11:06:30
9/26/22,11:06:30,10,200330,25SQCMICSBB804500B0ED,DOC,2,11:06:30
9/26/22,11:06:33,10,200330,25SQCMICSBB804500B0ED,DOC,1,11:06:33
9/26/22,11:06:33,10,200330,25SQCMICSBB804500B0ED,DOC,2,11:06:33
9/26/22,11:06:34,10,200330,25SQCMICSBB804500B0ED,DOC,1,11:06:34
9/26/22,11:06:34,10,200330,25SQCMICSBB804500B0ED,DOC,2,11:06:34
9/26/22,11:06:34,10,200330,25SQCMICSBB804500B0ED,DOC,1,11:06:34
9/26/22,11:06:34,10,200330,25SQCMICSBB804500B0ED,DOC,2,11:06:34
9/26/22,13:45:45,10,200330,25SQCMICSBB804500B0ED,DOC,2,13:45:45
9/26/22,13:45:46,10,200330,25SQCMICSBB804500B0ED,DOC,1,13:45:46
9/26/22,13:49:02,10,200330,25SQCMICSBB804500B0ED,DOC,1,13:49:02
9/26/22,13:49:05,10,200330,25SQCMICSBB804500B0ED,DOC,2,13:49:05
9/26/22,10:46:57,10,200330,25SQCMICSBB84C700B1D6,DOC,2,10:46:57
9/26/22,10:47:00,10,200330,25SQCMICSBB84C700B1D6,DOC,1,10:47:00
9/26/22,10:47:00,10,200330,25SQCMICSBB84C700B1D6,DOC,2,10:47:00
9/26/22,10:47:00,10,200330,25SQCMICSBB84C700B1D6,DOC,1,10:47:00
9/26/22,10:47:00,10,200330,25SQCMICSBB84C700B1D6,DOC,2,10:47:00
9/26/22,10:47:00,10,200330,25SQCMICSBB84C700B1D6,DOC,1,10:47:00
9/26/22,10:47:00,10,200330,25SQCMICSBB84C700B1D6,DOC,2,10:47:00
9/26/22,10:47:01,10,200330,25SQCMICSBB84C700B1D6,DOC,1,10:47:01
9/26/22,10:47:01,10,200330,25SQCMICSBB84C700B1D6,DOC,2,10:47:01
9/26/22,10:47:01,10,200330,25SQCMICSBB84C700B1D6,DOC,1,10:47:01
9/26/22,10:47:01,10,200330,25SQCMICSBB84C700B1D6,DOC,2,10:47:01
9/26/22,10:47:01,10,200330,25SQCMICSBB84C700B1D6,DOC,1,10:47:01
9/26/22,10:47:01,10,200330,25SQCMICSBB84C700B1D6,DOC,2,10:47:01
9/26/22,10:47:01,10,200330,25SQCMICSBB84C700B1D6,DOC,1,10:47:01
9/26/22,10:47:01,10,200330,25SQCMICSBB84C700B1D6,DOC,2,10:47:01
9/26/22,10:47:01,10,200330,25SQCMICSBB84C700B1D6,DOC,1,10:47:01
9/26/22,10:47:01,10,200330,25SQCMICSBB84C700B1D6,DOC,2,10:47:01
9/26/22,10:47:02,10,200330,25SQCMICSBB84C700B1D6,DOC,1,10:47:02
9/26/22,10:47:02,10,200330,25SQCMICSBB84C700B1D6,DOC,2,10:47:02
9/26/22,10:47:02,10,200330,25SQCMICSBB84C700B1D6,DOC,1,10:47:02
9/26/22,10:47:02,10,200330,25SQCMICSBB84C700B1D6,DOC,2,10:47:02
9/26/22,10:47:02,10,200330,25SQCMICSBB84C700B1D6,DOC,1,10:47:02
9/26/22,10:47:02,10,200330,25SQCMICSBB84C700B1D6,DOC,2,10:47:02
9/26/22,10:47:03,10,200330,25SQCMICSBB84C700B1D6,DOC,1,10:47:03
9/26/22,10:47:03,10,200330,25SQCMICSBB84C700B1D6,DOC,2,10:47:03
9/26/22,10:47:03,10,200330,25SQCMICSBB84C700B1D6,DOC,1,10:47:03
9/26/22,10:47:03,10,200330,25SQCMICSBB84C700B1D6,DOC,2,10:47:03
9/26/22,10:47:03,10,200330,25SQCMICSBB84C700B1D6,DOC,1,10:47:03
9/26/22,10:47:03,10,200330,25SQCMICSBB84C700B1D6,DOC,2,10:47:03
9/26/22,10:47:03,10,200330,25SQCMICSBB84C700B1D6,DOC,1,10:47:03
9/26/22,10:47:03,10,200330,25SQCMICSBB84C700B1D6,DOC,2,10:47:03
9/26/22,10:47:04,10,200330,25SQCMICSBB84C700B1D6,DOC,1,10:47:04
9/26/22,10:47:04,10,200330,25SQCMICSBB84C700B1D6,DOC,2,10:47:04
9/26/22,10:47:04,10,200330,25SQCMICSBB84C700B1D6,DOC,1,10:47:04
9/26/22,10:47:04,10,200330,25SQCMICSBB84C700B1D6,DOC,2,10:47:04
9/26/22,10:47:04,10,200330,25SQCMICSBB84C700B1D6,DOC,1,10:47:04
9/26/22,10:47:04,10,200330,25SQCMICSBB84C700B1D6,DOC,2,10:47:04
9/26/22,10:47:04,10,200330,25SQCMICSBB84C700B1D6,DOC,1,10:47:04
9/26/22,10:47:04,10,200330,25SQCMICSBB84C700B1D6,DOC,2,10:47:04
9/26/22,10:47:04,10,200330,25SQCMICSBB84C700B1D6,DOC,1,10:47:04
9/26/22,10:47:04,10,200330,25SQCMICSBB84C700B1D6,DOC,2,10:47:04
9/26/22,10:47:05,10,200330,25SQCMICSBB84C700B1D6,DOC,1,10:47:05
9/26/22,10:47:05,10,200330,25SQCMICSBB84C700B1D6,DOC,2,10:47:05
9/26/22,10:47:05,10,200330,25SQCMICSBB84C700B1D6,DOC,1,10:47:05
9/26/22,10:47:05,10,200330,25SQCMICSBB84C700B1D6,DOC,2,10:47:05
9/26/22,10:47:05,10,200330,25SQCMICSBB84C700B1D6,DOC,1,10:47:05
9/26/22,10:47:05,10,200330,25SQCMICSBB84C700B1D6,DOC,2,10:47:05
9/26/22,10:47:05,10,200330,25SQCMICSBB84C700B1D6,DOC,1,10:47:05
9/26/22,10:47:05,10,200330,25SQCMICSBB84C700B1D6,DOC,2,10:47:05
9/26/22,10:47:06,10,200330,25SQCMICSBB84C700B1D6,DOC,1,10:47:06
9/26/22,10:47:10,10,200330,25SQCMICSBB84C700B1D6,DOC,1,10:47:10
9/26/22,10:47:10,10,200330,25SQCMICSBB84C700B1D6,DOC,2,10:47:10
9/26/22,10:47:10,10,200330,25SQCMICSBB84C700B1D6,DOC,1,10:47:10
9/26/22,10:47:10,10,200330,25SQCMICSBB84C700B1D6,DOC,2,10:47:10
9/26/22,10:47:10,10,200330,25SQCMICSBB84C700B1D6,DOC,1,10:47:10
9/26/22,10:47:10,10,200330,25SQCMICSBB84C700B1D6,DOC,2,10:47:10
9/26/22,10:47:11,10,200330,25SQCMICSBB84C700B1D6,DOC,1,10:47:11
9/26/22,10:47:11,10,200330,25SQCMICSBB84C700B1D6,DOC,2,10:47:11
9/26/22,10:47:11,10,200330,25SQCMICSBB84C700B1D6,DOC,1,10:47:11
9/26/22,10:47:11,10,200330,25SQCMICSBB84C700B1D6,DOC,2,10:47:11
9/26/22,10:47:11,10,200330,25SQCMICSBB84C700B1D6,DOC,1,10:47:11
9/26/22,10:52:50,10,200330,25SQCMICSBB84C700B1D6,DOC,1,10:52:50
9/26/22,10:52:50,10,200330,25SQCMICSBB84C700B1D6,DOC,2,10:52:50
9/26/22,10:52:51,10,200330,25SQCMICSBB84C700B1D6,DOC,1,10:52:51
9/26/22,10:52:52,10,200330,25SQCMICSBB84C700B1D6,DOC,2,10:52:52
9/26/22,13:15:38,10,200330,25SQCMICSBB84C700B1D6,DOC,2,13:15:38
9/26/22,13:15:39,10,200330,25SQCMICSBB84C700B1D6,DOC,2,13:15:39
9/26/22,13:15:39,10,200330,25SQCMICSBB84C700B1D6,DOC,1,13:15:39
9/26/22,13:15:39,10,200330,25SQCMICSBB84C700B1D6,DOC,2,13:15:39
9/26/22,13:15:40,10,200330,25SQCMICSBB84C700B1D6,DOC,1,13:15:40
9/26/22,13:15:40,10,200330,25SQCMICSBB84C700B1D6,DOC,2,13:15:40
9/26/22,13:15:40,10,200330,25SQCMICSBB84C700B1D6,DOC,1,13:15:40
9/26/22,13:15:40,10,200330,25SQCMICSBB84C700B1D6,DOC,2,13:15:40
9/26/22,13:15:40,10,200330,25SQCMICSBB84C700B1D6,DOC,1,13:15:40
9/26/22,13:15:40,10,200330,25SQCMICSBB84C700B1D6,DOC,2,13:15:40
9/26/22,13:15:40,10,200330,25SQCMICSBB84C700B1D6,DOC,1,13:15:40
9/26/22,13:15:41,10,200330,25SQCMICSBB84C700B1D6,DOC,1,13:15:41
9/26/22,13:20:49,10,200330,25SQCMICSBB84C700B1D6,DOC,1,13:20:49
9/26/22,13:20:50,10,200330,25SQCMICSBB84C700B1D6,DOC,2,13:20:50
9/26/22,15:35:37,13,200328,25SQCMICSBB87E600B2EF,DOC,2,15:35:37
9/26/22,15:35:41,13,200328,25SQCMICSBB87E600B2EF,DOC,1,15:35:41
9/26/22,15:35:41,13,200328,25SQCMICSBB87E600B2EF,DOC,2,15:35:41
9/26/22,15:35:42,13,200328,25SQCMICSBB87E600B2EF,DOC,1,15:35:42
9/26/22,15:35:47,13,200328,25SQCMICSBB87E600B2EF,DOC,1,15:35:47
9/26/22,15:36:02,13,200328,25SQCMICSBB87E600B2EF,DOC,1,15:36:02
9/26/22,15:36:08,13,200328,25SQCMICSBB87E600B2EF,DOC,1,15:36:08
9/26/22,15:36:24,13,200328,25SQCMICSBB87E600B2EF,DOC,1,15:36:24
9/26/22,15:36:29,13,200328,25SQCMICSBB87E600B2EF,DOC,1,15:36:29
9/26/22,15:36:30,13,200328,25SQCMICSBB87E600B2EF,DOC,2,15:36:30
9/26/22,14:13:19,10,200330,25SQCMICSBB9A2E00B1F5,DOC,2,14:13:19
9/26/22,14:13:21,10,200330,25SQCMICSBB9A2E00B1F5,DOC,1,14:13:21
9/26/22,14:44:13,10,200330,25SQCMICSBB9B3C00B163,DOC,2,14:44:13
9/26/22,14:44:15,10,200330,25SQCMICSBB9B3C00B163,DOC,1,14:44:15
9/26/22,14:44:15,10,200330,25SQCMICSBB9B3C00B163,DOC,2,14:44:15
9/26/22,14:44:15,10,200330,25SQCMICSBB9B3C00B163,DOC,1,14:44:15
9/26/22,14:44:15,10,200330,25SQCMICSBB9B3C00B163,DOC,2,14:44:15
9/26/22,14:44:15,10,200330,25SQCMICSBB9B3C00B163,DOC,1,14:44:15
9/26/22,14:44:15,10,200330,25SQCMICSBB9B3C00B163,DOC,2,14:44:15
9/26/22,14:44:16,10,200330,25SQCMICSBB9B3C00B163,DOC,1,14:44:16
9/26/22,14:44:16,10,200330,25SQCMICSBB9B3C00B163,DOC,2,14:44:16
9/26/22,14:44:16,10,200330,25SQCMICSBB9B3C00B163,DOC,1,14:44:16
9/26/22,14:44:16,10,200330,25SQCMICSBB9B3C00B163,DOC,2,14:44:16
9/26/22,14:44:16,10,200330,25SQCMICSBB9B3C00B163,DOC,1,14:44:16
9/26/22,14:44:16,10,200330,25SQCMICSBB9B3C00B163,DOC,2,14:44:16
9/26/22,14:44:16,10,200330,25SQCMICSBB9B3C00B163,DOC,1,14:44:16
9/26/22,14:44:16,10,200330,25SQCMICSBB9B3C00B163,DOC,2,14:44:16
9/26/22,14:44:16,10,200330,25SQCMICSBB9B3C00B163,DOC,1,14:44:16
9/26/22,14:48:30,10,200330,25SQCMICSBB9B3C00B163,DOC,1,14:48:30
9/26/22,14:48:31,10,200330,25SQCMICSBB9B3C00B163,DOC,2,14:48:31
9/26/22,15:36:07,13,200328,25SQCMICSBB9EA900B2E5,DOC,2,15:36:07
9/26/22,15:36:09,13,200328,25SQCMICSBB9EA900B2E5,DOC,1,15:36:09
9/26/22,15:37:13,13,200328,25SQCMICSBB9EA900B2E5,DOC,1,15:37:13
9/26/22,15:37:15,13,200328,25SQCMICSBB9EA900B2E5,DOC,2,15:37:15
9/26/22,11:03:19,13,200328,25SQCMICSBB9EAD00B12A,DOC,1,11:03:19
9/26/22,11:03:21,13,200328,25SQCMICSBB9EAD00B12A,DOC,2,11:03:21
9/26/22,11:24:11,13,200328,25SQCMICSBB9EAD00B12A,DOC,2,11:24:11
9/26/22,11:24:18,13,200328,25SQCMICSBB9EAD00B12A,DOC,1,11:24:18
9/26/22,11:51:30,13,200328,25SQCMICSBB9EAD00B12A,DOC,1,11:51:30
9/26/22,11:51:31,13,200328,25SQCMICSBB9EAD00B12A,DOC,2,11:51:31
9/26/22,11:57:12,13,200328,25SQCMICSBB9EAD00B12A,DOC,2,11:57:12
9/26/22,11:57:17,13,200328,25SQCMICSBB9EAD00B12A,DOC,2,11:57:17
9/26/22,11:57:18,13,200328,25SQCMICSBB9EAD00B12A,DOC,1,11:57:18
9/26/22,11:57:18,13,200328,25SQCMICSBB9EAD00B12A,DOC,2,11:57:18
9/26/22,11:57:18,13,200328,25SQCMICSBB9EAD00B12A,DOC,1,11:57:18
9/26/22,12:15:39,13,200328,25SQCMICSBB9EAD00B12A,DOC,1,12:15:39
9/26/22,12:15:39,13,200328,25SQCMICSBB9EAD00B12A,DOC,2,12:15:39
9/26/22,12:22:00,13,200328,25SQCMICSBB9EAD00B12A,DOC,2,12:22:00
9/26/22,12:22:02,13,200328,25SQCMICSBB9EAD00B12A,DOC,1,12:22:02
9/26/22,12:50:35,13,200328,25SQCMICSBB9EAD00B12A,DOC,1,12:50:35
9/26/22,12:50:36,13,200328,25SQCMICSBB9EAD00B12A,DOC,2,12:50:36
9/26/22,12:50:38,13,200328,25SQCMICSBB9EAD00B12A,DOC,1,12:50:38
9/26/22,12:50:38,13,200328,25SQCMICSBB9EAD00B12A,DOC,2,12:50:38
9/26/22,12:50:39,13,200328,25SQCMICSBB9EAD00B12A,DOC,1,12:50:39
9/26/22,12:50:41,13,200328,25SQCMICSBB9EAD00B12A,DOC,2,12:50:41
9/26/22,12:54:58,13,200328,25SQCMICSBB9EAD00B12A,DOC,2,12:54:58
9/26/22,12:54:59,13,200328,25SQCMICSBB9EAD00B12A,DOC,1,12:54:59
9/26/22,12:54:59,13,200328,25SQCMICSBB9EAD00B12A,DOC,2,12:54:59
9/26/22,12:55:00,13,200328,25SQCMICSBB9EAD00B12A,DOC,1,12:55:00
9/26/22,13:51:58,13,200328,25SQCMICSBB9EAD00B12A,DOC,1,13:51:58
9/26/22,13:51:59,13,200328,25SQCMICSBB9EAD00B12A,DOC,2,13:51:59
9/26/22,13:52:00,13,200328,25SQCMICSBB9EAD00B12A,DOC,1,13:52:00
9/26/22,13:52:00,13,200328,25SQCMICSBB9EAD00B12A,DOC,2,13:52:00
9/26/22,13:52:00,13,200328,25SQCMICSBB9EAD00B12A,DOC,1,13:52:00
9/26/22,13:52:00,13,200328,25SQCMICSBB9EAD00B12A,DOC,2,13:52:00
9/26/22,13:52:01,13,200328,25SQCMICSBB9EAD00B12A,DOC,1,13:52:01
9/26/22,13:52:02,13,200328,25SQCMICSBB9EAD00B12A,DOC,2,13:52:02
9/26/22,13:59:59,13,200328,25SQCMICSBB9EAD00B12A,DOC,2,13:59:59
9/26/22,14:00:01,13,200328,25SQCMICSBB9EAD00B12A,DOC,1,14:00:01
9/26/22,15:54:36,13,200328,25SQCMICSBB9EAD00B12A,DOC,1,15:54:36
9/26/22,15:54:37,13,200328,25SQCMICSBB9EAD00B12A,DOC,2,15:54:37
9/26/22,16:19:40,13,200328,25SQCMICSBB9EAD00B12A,DOC,2,16:19:40
9/26/22,16:19:45,13,200328,25SQCMICSBB9EAD00B12A,DOC,2,16:19:45
9/26/22,16:19:48,13,200328,25SQCMICSBB9EAD00B12A,DOC,1,16:19:48
9/27/22,18:34:58,13,200328,25SQCMICSBB9EAD00B12A,DOC,1,18:34:58
9/27/22,18:34:59,13,200328,25SQCMICSBB9EAD00B12A,DOC,2,18:34:59
9/26/22,14:16:51,10,200330,25SQCMICSBBA27300B1D9,DOC,2,14:16:51
9/26/22,14:16:51,10,200330,25SQCMICSBBA27300B1D9,DOC,1,14:16:51
9/26/22,14:16:51,10,200330,25SQCMICSBBA27300B1D9,DOC,2,14:16:51
9/26/22,14:16:51,10,200330,25SQCMICSBBA27300B1D9,DOC,1,14:16:51
9/26/22,14:21:45,10,200330,25SQCMICSBBA27300B1D9,DOC,1,14:21:45
9/26/22,14:21:47,10,200330,25SQCMICSBBA27300B1D9,DOC,2,14:21:47
9/26/22,10:04:01,10,200330,25SQCMICSBBA49600B286,DOC,1,10:04:01
9/26/22,10:04:01,10,200330,25SQCMICSBBA49600B286,DOC,2,10:04:01
9/26/22,12:43:16,10,200330,25SQCMICSBBA49600B286,DOC,2,12:43:16
9/26/22,12:43:16,10,200330,25SQCMICSBBA49600B286,DOC,1,12:43:16
9/26/22,12:43:16,10,200330,25SQCMICSBBA49600B286,DOC,2,12:43:16
9/26/22,12:43:16,10,200330,25SQCMICSBBA49600B286,DOC,1,12:43:16
9/26/22,12:43:16,10,200330,25SQCMICSBBA49600B286,DOC,2,12:43:16
9/26/22,12:43:17,10,200330,25SQCMICSBBA49600B286,DOC,1,12:43:17
9/26/22,12:43:17,10,200330,25SQCMICSBBA49600B286,DOC,2,12:43:17
9/26/22,12:43:17,10,200330,25SQCMICSBBA49600B286,DOC,1,12:43:17
9/26/22,12:55:22,10,200330,25SQCMICSBBA49600B286,DOC,1,12:55:22
9/26/22,12:55:23,10,200330,25SQCMICSBBA49600B286,DOC,2,12:55:23
9/26/22,13:30:55,10,200330,25SQCMICSBBA49600B286,DOC,2,13:30:55
9/26/22,13:30:55,10,200330,25SQCMICSBBA49600B286,DOC,1,13:30:55
9/26/22,13:30:55,10,200330,25SQCMICSBBA49600B286,DOC,2,13:30:55
9/26/22,13:30:55,10,200330,25SQCMICSBBA49600B286,DOC,1,13:30:55
9/26/22,13:52:09,10,200330,25SQCMICSBBA49600B286,DOC,1,13:52:09
9/26/22,13:52:09,10,200330,25SQCMICSBBA49600B286,DOC,2,13:52:09
9/26/22,13:52:09,10,200330,25SQCMICSBBA49600B286,DOC,1,13:52:09
9/26/22,13:52:09,10,200330,25SQCMICSBBA49600B286,DOC,2,13:52:09
9/26/22,15:04:35,10,200330,25SQCMICSBBA49600B286,DOC,2,15:04:35
9/26/22,15:04:36,10,200330,25SQCMICSBBA49600B286,DOC,1,15:04:36
9/26/22,15:04:36,10,200330,25SQCMICSBBA49600B286,DOC,2,15:04:36
9/26/22,15:04:36,10,200330,25SQCMICSBBA49600B286,DOC,1,15:04:36
9/26/22,15:47:10,10,200330,25SQCMICSBBA49600B286,DOC,1,15:47:10
9/26/22,15:47:21,10,200330,25SQCMICSBBA49600B286,DOC,1,15:47:21
9/26/22,15:47:30,10,200330,25SQCMICSBBA49600B286,DOC,1,15:47:30
9/26/22,15:47:31,10,200330,25SQCMICSBBA49600B286,DOC,2,15:47:31
9/26/22,15:47:31,10,200330,25SQCMICSBBA49600B286,DOC,1,15:47:31
9/26/22,15:47:31,10,200330,25SQCMICSBBA49600B286,DOC,2,15:47:31
9/26/22,10:10:14,10,200330,25SQCMICSBBA59500B0D2,DOC,2,10:10:14
9/26/22,10:10:14,10,200330,25SQCMICSBBA59500B0D2,DOC,1,10:10:14
9/26/22,10:10:14,10,200330,25SQCMICSBBA59500B0D2,DOC,2,10:10:14
9/26/22,10:10:14,10,200330,25SQCMICSBBA59500B0D2,DOC,1,10:10:14
9/26/22,10:10:14,10,200330,25SQCMICSBBA59500B0D2,DOC,2,10:10:14
9/26/22,10:22:13,10,200330,25SQCMICSBBA59500B0D2,DOC,1,10:22:13
9/26/22,10:22:14,10,200330,25SQCMICSBBA59500B0D2,DOC,2,10:22:14
9/26/22,10:31:15,10,200330,25SQCMICSBBA59500B0D2,DOC,2,10:31:15
9/26/22,10:31:16,10,200330,25SQCMICSBBA59500B0D2,DOC,1,10:31:16
9/26/22,10:31:16,10,200330,25SQCMICSBBA59500B0D2,DOC,2,10:31:16
9/26/22,10:51:19,10,200330,25SQCMICSBBA59500B0D2,DOC,1,10:51:19
9/26/22,10:51:19,10,200330,25SQCMICSBBA59500B0D2,DOC,2,10:51:19
9/26/22,10:58:06,10,200330,25SQCMICSBBA59500B0D2,DOC,2,10:58:06
9/26/22,10:58:07,10,200330,25SQCMICSBBA59500B0D2,DOC,1,10:58:07
9/26/22,10:58:07,10,200330,25SQCMICSBBA59500B0D2,DOC,2,10:58:07
9/26/22,10:58:07,10,200330,25SQCMICSBBA59500B0D2,DOC,1,10:58:07
9/26/22,10:58:07,10,200330,25SQCMICSBBA59500B0D2,DOC,2,10:58:07
9/26/22,11:16:53,10,200330,25SQCMICSBBA59500B0D2,DOC,1,11:16:53
9/26/22,11:16:54,10,200330,25SQCMICSBBA59500B0D2,DOC,2,11:16:54
9/26/22,11:22:46,10,200330,25SQCMICSBBA59500B0D2,DOC,2,11:22:46
9/26/22,11:22:47,10,200330,25SQCMICSBBA59500B0D2,DOC,1,11:22:47
9/26/22,11:22:47,10,200330,25SQCMICSBBA59500B0D2,DOC,2,11:22:47
9/26/22,11:22:47,10,200330,25SQCMICSBBA59500B0D2,DOC,1,11:22:47
9/26/22,11:42:27,10,200330,25SQCMICSBBA59500B0D2,DOC,1,11:42:27
9/26/22,11:42:27,10,200330,25SQCMICSBBA59500B0D2,DOC,2,11:42:27
9/26/22,11:48:53,10,200330,25SQCMICSBBA59500B0D2,DOC,2,11:48:53
9/26/22,11:48:54,10,200330,25SQCMICSBBA59500B0D2,DOC,1,11:48:54
9/26/22,12:08:48,10,200330,25SQCMICSBBA59500B0D2,DOC,1,12:08:48
9/26/22,12:08:49,10,200330,25SQCMICSBBA59500B0D2,DOC,2,12:08:49
9/26/22,12:15:52,10,200330,25SQCMICSBBA59500B0D2,DOC,2,12:15:52
9/26/22,12:15:52,10,200330,25SQCMICSBBA59500B0D2,DOC,1,12:15:52
9/26/22,12:15:52,10,200330,25SQCMICSBBA59500B0D2,DOC,2,12:15:52
9/26/22,12:37:10,10,200330,25SQCMICSBBA59500B0D2,DOC,1,12:37:10
9/26/22,12:37:11,10,200330,25SQCMICSBBA59500B0D2,DOC,2,12:37:11
9/26/22,12:54:36,10,200330,25SQCMICSBBA59500B0D2,DOC,2,12:54:36
9/26/22,12:54:37,10,200330,25SQCMICSBBA59500B0D2,DOC,1,12:54:37
9/26/22,12:54:37,10,200330,25SQCMICSBBA59500B0D2,DOC,2,12:54:37
9/26/22,13:11:52,10,200330,25SQCMICSBBA59500B0D2,DOC,1,13:11:52
9/26/22,13:11:53,10,200330,25SQCMICSBBA59500B0D2,DOC,2,13:11:53
9/26/22,13:14:53,10,200330,25SQCMICSBBA59500B0D2,DOC,2,13:14:53
9/26/22,13:14:53,10,200330,25SQCMICSBBA59500B0D2,DOC,1,13:14:53
9/26/22,13:33:39,10,200330,25SQCMICSBBA59500B0D2,DOC,1,13:33:39
9/26/22,13:33:39,10,200330,25SQCMICSBBA59500B0D2,DOC,2,13:33:39
9/26/22,13:33:39,10,200330,25SQCMICSBBA59500B0D2,DOC,1,13:33:39
9/26/22,13:33:39,10,200330,25SQCMICSBBA59500B0D2,DOC,2,13:33:39
9/26/22,13:38:26,10,200330,25SQCMICSBBA59500B0D2,DOC,2,13:38:26
9/26/22,13:53:30,10,200330,25SQCMICSBBA59500B0D2,DOC,1,13:53:30
9/26/22,13:53:32,10,200330,25SQCMICSBBA59500B0D2,DOC,2,13:53:32
9/26/22,13:53:32,10,200330,25SQCMICSBBA59500B0D2,DOC,1,13:53:32
9/26/22,13:53:32,10,200330,25SQCMICSBBA59500B0D2,DOC,2,13:53:32
9/26/22,13:56:43,10,200330,25SQCMICSBBA59500B0D2,DOC,2,13:56:43
9/26/22,14:11:01,10,200330,25SQCMICSBBA59500B0D2,DOC,1,14:11:01
9/26/22,14:11:03,10,200330,25SQCMICSBBA59500B0D2,DOC,2,14:11:03
9/26/22,14:15:01,10,200330,25SQCMICSBBA59500B0D2,DOC,2,14:15:01
9/26/22,14:15:02,10,200330,25SQCMICSBBA59500B0D2,DOC,1,14:15:02
9/26/22,14:15:02,10,200330,25SQCMICSBBA59500B0D2,DOC,2,14:15:02
9/26/22,14:15:02,10,200330,25SQCMICSBBA59500B0D2,DOC,1,14:15:02
9/26/22,14:15:02,10,200330,25SQCMICSBBA59500B0D2,DOC,2,14:15:02
9/26/22,14:15:02,10,200330,25SQCMICSBBA59500B0D2,DOC,1,14:15:02
9/26/22,14:27:25,10,200330,25SQCMICSBBA59500B0D2,DOC,1,14:27:25
9/26/22,14:27:26,10,200330,25SQCMICSBBA59500B0D2,DOC,2,14:27:26
9/26/22,14:36:38,10,200330,25SQCMICSBBA59500B0D2,DOC,2,14:36:38
9/26/22,14:36:39,10,200330,25SQCMICSBBA59500B0D2,DOC,1,14:36:39
9/26/22,14:36:39,10,200330,25SQCMICSBBA59500B0D2,DOC,2,14:36:39
9/26/22,14:36:39,10,200330,25SQCMICSBBA59500B0D2,DOC,1,14:36:39
9/26/22,14:36:39,10,200330,25SQCMICSBBA59500B0D2,DOC,2,14:36:39
9/26/22,14:36:39,10,200330,25SQCMICSBBA59500B0D2,DOC,1,14:36:39
9/26/22,14:48:38,10,200330,25SQCMICSBBA59500B0D2,DOC,1,14:48:38
9/26/22,14:48:38,10,200330,25SQCMICSBBA59500B0D2,DOC,2,14:48:38
9/26/22,14:53:00,13,200328,25SQCMICSBBBA2A00B2C8,DOC,2,14:53:00
9/26/22,14:53:03,13,200328,25SQCMICSBBBA2A00B2C8,DOC,1,14:53:03
9/26/22,14:53:03,13,200328,25SQCMICSBBBA2A00B2C8,DOC,2,14:53:03
9/26/22,14:53:03,13,200328,25SQCMICSBBBA2A00B2C8,DOC,1,14:53:03
9/26/22,14:53:19,13,200328,25SQCMICSBBBA2A00B2C8,DOC,1,14:53:19
9/26/22,14:59:34,13,200328,25SQCMICSBBBA2A00B2C8,DOC,1,14:59:34
9/26/22,14:59:34,13,200328,25SQCMICSBBBA2A00B2C8,DOC,2,14:59:34
9/26/22,14:59:34,13,200328,25SQCMICSBBBA2A00B2C8,DOC,1,14:59:34
9/26/22,14:59:34,13,200328,25SQCMICSBBBA2A00B2C8,DOC,2,14:59:34
9/26/22,14:59:34,13,200328,25SQCMICSBBBA2A00B2C8,DOC,1,14:59:34
9/26/22,14:59:34,13,200328,25SQCMICSBBBA2A00B2C8,DOC,2,14:59:34
9/26/22,15:36:38,10,200330,25SQCMICSBBBA9600B151,DOC,2,15:36:38
9/26/22,15:36:39,10,200330,25SQCMICSBBBA9600B151,DOC,1,15:36:39
9/26/22,15:36:39,10,200330,25SQCMICSBBBA9600B151,DOC,2,15:36:39
9/26/22,15:36:39,10,200330,25SQCMICSBBBA9600B151,DOC,1,15:36:39
9/26/22,15:44:27,10,200330,25SQCMICSBBBA9600B151,DOC,1,15:44:27
9/26/22,15:44:28,10,200330,25SQCMICSBBBA9600B151,DOC,2,15:44:28
9/26/22,10:11:18,10,200330,25SQCMICSBBBE1100B261,DOC,2,10:11:18
9/26/22,10:11:18,10,200330,25SQCMICSBBBE1100B261,DOC,1,10:11:18
9/26/22,10:24:33,10,200330,25SQCMICSBBBE1100B261,DOC,1,10:24:33
9/26/22,10:24:34,10,200330,25SQCMICSBBBE1100B261,DOC,2,10:24:34
9/26/22,10:31:06,10,200330,25SQCMICSBBBE1100B261,DOC,2,10:31:06
9/26/22,10:31:07,10,200330,25SQCMICSBBBE1100B261,DOC,1,10:31:07
9/26/22,10:31:07,10,200330,25SQCMICSBBBE1100B261,DOC,2,10:31:07
9/26/22,10:31:07,10,200330,25SQCMICSBBBE1100B261,DOC,1,10:31:07
9/26/22,10:31:07,10,200330,25SQCMICSBBBE1100B261,DOC,2,10:31:07
9/26/22,10:31:07,10,200330,25SQCMICSBBBE1100B261,DOC,1,10:31:07
9/26/22,10:31:07,10,200330,25SQCMICSBBBE1100B261,DOC,2,10:31:07
9/26/22,10:31:07,10,200330,25SQCMICSBBBE1100B261,DOC,1,10:31:07
9/26/22,10:48:32,10,200330,25SQCMICSBBBE1100B261,DOC,1,10:48:32
9/26/22,10:48:33,10,200330,25SQCMICSBBBE1100B261,DOC,2,10:48:33
9/26/22,10:56:06,10,200330,25SQCMICSBBBE1100B261,DOC,2,10:56:06
9/26/22,10:56:07,10,200330,25SQCMICSBBBE1100B261,DOC,1,10:56:07
9/26/22,10:56:07,10,200330,25SQCMICSBBBE1100B261,DOC,2,10:56:07
9/26/22,10:56:07,10,200330,25SQCMICSBBBE1100B261,DOC,1,10:56:07
9/26/22,10:56:08,10,200330,25SQCMICSBBBE1100B261,DOC,2,10:56:08
9/26/22,10:56:08,10,200330,25SQCMICSBBBE1100B261,DOC,1,10:56:08
9/26/22,11:12:08,10,200330,25SQCMICSBBBE1100B261,DOC,1,11:12:08
9/26/22,11:12:09,10,200330,25SQCMICSBBBE1100B261,DOC,2,11:12:09
9/26/22,11:19:51,10,200330,25SQCMICSBBBE1100B261,DOC,2,11:19:51
9/26/22,11:19:52,10,200330,25SQCMICSBBBE1100B261,DOC,1,11:19:52
9/26/22,11:33:56,10,200330,25SQCMICSBBBE1100B261,DOC,1,11:33:56
9/26/22,11:33:56,10,200330,25SQCMICSBBBE1100B261,DOC,2,11:33:56
9/26/22,15:01:51,10,200330,25SQCMICSBBBF0700B11C,DOC,2,15:01:51
9/26/22,15:01:53,10,200330,25SQCMICSBBBF0700B11C,DOC,1,15:01:53
9/26/22,15:01:53,10,200330,25SQCMICSBBBF0700B11C,DOC,2,15:01:53
9/26/22,15:05:07,10,200330,25SQCMICSBBBF0700B11C,DOC,1,15:05:07
9/26/22,15:05:08,10,200330,25SQCMICSBBBF0700B11C,DOC,2,15:05:08
9/26/22,15:40:45,10,200330,25SQCMICSBBC17800B1EA,DOC,2,15:40:45
9/26/22,15:40:46,10,200330,25SQCMICSBBC17800B1EA,DOC,1,15:40:46
9/26/22,15:46:49,10,200330,25SQCMICSBBC17800B1EA,DOC,1,15:46:49
9/26/22,15:46:50,10,200330,25SQCMICSBBC17800B1EA,DOC,2,15:46:50
9/26/22,15:18:29,10,200330,25SQCMICSBBC18100B13A,DOC,2,15:18:29
9/26/22,15:18:31,10,200330,25SQCMICSBBC18100B13A,DOC,1,15:18:31
9/26/22,15:18:31,10,200330,25SQCMICSBBC18100B13A,DOC,2,15:18:31
9/26/22,15:19:02,10,200330,25SQCMICSBBC18100B13A,DOC,1,15:19:02
9/26/22,15:19:03,10,200330,25SQCMICSBBC18100B13A,DOC,2,15:19:03
9/26/22,15:33:19,10,200330,25SQCMICSBBC18100B13A,DOC,2,15:33:19
9/26/22,15:39:19,10,200330,25SQCMICSBBC18100B13A,DOC,1,15:39:19
9/26/22,15:39:24,10,200330,25SQCMICSBBC18100B13A,DOC,1,15:39:24
9/26/22,15:39:26,10,200330,25SQCMICSBBC18100B13A,DOC,2,15:39:26
9/26/22,15:03:59,13,200328,25SQCMICSBBC18500B2D5,DOC,2,15:03:59
9/26/22,15:04:01,13,200328,25SQCMICSBBC18500B2D5,DOC,1,15:04:01
9/26/22,15:04:01,13,200328,25SQCMICSBBC18500B2D5,DOC,2,15:04:01
9/26/22,15:04:01,13,200328,25SQCMICSBBC18500B2D5,DOC,1,15:04:01
9/26/22,15:04:01,13,200328,25SQCMICSBBC18500B2D5,DOC,2,15:04:01
9/26/22,15:04:01,13,200328,25SQCMICSBBC18500B2D5,DOC,1,15:04:01
9/26/22,15:04:01,13,200328,25SQCMICSBBC18500B2D5,DOC,2,15:04:01
9/26/22,15:04:02,13,200328,25SQCMICSBBC18500B2D5,DOC,1,15:04:02
9/26/22,15:04:02,13,200328,25SQCMICSBBC18500B2D5,DOC,2,15:04:02
9/26/22,15:04:02,13,200328,25SQCMICSBBC18500B2D5,DOC,1,15:04:02
9/26/22,15:12:46,13,200328,25SQCMICSBBC25900B2D1,DOC,2,15:12:46
9/26/22,15:23:39,13,200328,25SQCMICSBBC25900B2D1,DOC,2,15:23:39
9/26/22,15:23:41,13,200328,25SQCMICSBBC25900B2D1,DOC,1,15:23:41
9/26/22,14:38:33,10,200330,25SQCMICSBBC2A400B1EE,DOC,2,14:38:33
9/26/22,14:38:34,10,200330,25SQCMICSBBC2A400B1EE,DOC,1,14:38:34
9/26/22,14:38:34,10,200330,25SQCMICSBBC2A400B1EE,DOC,2,14:38:34
9/26/22,14:38:34,10,200330,25SQCMICSBBC2A400B1EE,DOC,1,14:38:34
9/26/22,14:42:37,10,200330,25SQCMICSBBC2A400B1EE,DOC,1,14:42:37
9/26/22,14:42:39,10,200330,25SQCMICSBBC2A400B1EE,DOC,2,14:42:39
9/26/22,15:44:42,10,200330,25SQCMICSBBC2E500B128,DOC,2,15:44:42
9/26/22,15:44:43,10,200330,25SQCMICSBBC2E500B128,DOC,1,15:44:43
9/26/22,15:44:43,10,200330,25SQCMICSBBC2E500B128,DOC,2,15:44:43
9/26/22,15:06:58,10,200330,25SQCMICSBBC34B00B247,DOC,2,15:06:58
9/26/22,15:07:01,10,200330,25SQCMICSBBC34B00B247,DOC,1,15:07:01
9/26/22,15:07:01,10,200330,25SQCMICSBBC34B00B247,DOC,2,15:07:01
9/26/22,15:07:01,10,200330,25SQCMICSBBC34B00B247,DOC,1,15:07:01
9/26/22,15:16:52,13,200328,25SQCMICSBBC34B00B247,DOC,2,15:16:52
9/26/22,15:05:13,10,200330,25SQCMICSBBC4F900B287,DOC,2,15:05:13
9/26/22,15:05:13,10,200330,25SQCMICSBBC4F900B287,DOC,1,15:05:13
9/26/22,15:05:13,10,200330,25SQCMICSBBC4F900B287,DOC,2,15:05:13
9/26/22,15:05:13,10,200330,25SQCMICSBBC4F900B287,DOC,1,15:05:13
9/26/22,15:20:22,10,200330,25SQCMICSBBC4F900B287,DOC,1,15:20:22
9/26/22,15:20:22,10,200330,25SQCMICSBBC4F900B287,DOC,2,15:20:22
9/26/22,15:20:22,10,200330,25SQCMICSBBC4F900B287,DOC,1,15:20:22
9/26/22,15:20:22,10,200330,25SQCMICSBBC4F900B287,DOC,2,15:20:22
9/26/22,15:20:22,10,200330,25SQCMICSBBC4F900B287,DOC,1,15:20:22
9/26/22,15:20:22,10,200330,25SQCMICSBBC4F900B287,DOC,2,15:20:22
9/26/22,15:20:23,10,200330,25SQCMICSBBC4F900B287,DOC,1,15:20:23
9/26/22,15:20:23,10,200330,25SQCMICSBBC4F900B287,DOC,2,15:20:23
9/26/22,15:04:10,10,200330,25SQCMICSBBD8CE00B132,DOC,2,15:04:10
9/26/22,15:04:10,10,200330,25SQCMICSBBD8CE00B132,DOC,1,15:04:10
9/26/22,15:16:19,10,200330,25SQCMICSBBD8CE00B132,DOC,1,15:16:19
9/26/22,15:16:23,10,200330,25SQCMICSBBD8CE00B132,DOC,2,15:16:23
9/26/22,15:16:23,10,200330,25SQCMICSBBD8CE00B132,DOC,1,15:16:23
9/26/22,15:16:23,10,200330,25SQCMICSBBD8CE00B132,DOC,2,15:16:23
9/26/22,15:16:23,10,200330,25SQCMICSBBD8CE00B132,DOC,1,15:16:23
9/26/22,15:16:23,10,200330,25SQCMICSBBD8CE00B132,DOC,2,15:16:23
9/26/22,10:49:29,13,200328,25SQCMICSBBDCB000B2F2,DOC,2,10:49:29
9/26/22,10:49:31,13,200328,25SQCMICSBBDCB000B2F2,DOC,1,10:49:31
9/26/22,12:16:45,10,200330,25SQCMICSBBDF6800B11B,DOC,2,12:16:45
9/26/22,12:16:45,10,200330,25SQCMICSBBDF6800B11B,DOC,1,12:16:45
9/26/22,12:16:45,10,200330,25SQCMICSBBDF6800B11B,DOC,2,12:16:45
9/26/22,12:16:46,10,200330,25SQCMICSBBDF6800B11B,DOC,1,12:16:46
9/26/22,12:16:47,10,200330,25SQCMICSBBDF6800B11B,DOC,2,12:16:47
9/26/22,12:16:52,10,200330,25SQCMICSBBDF6800B11B,DOC,1,12:16:52
9/26/22,12:16:59,10,200330,25SQCMICSBBDF6800B11B,DOC,1,12:16:59
9/26/22,12:36:48,10,200330,25SQCMICSBBDF6800B11B,DOC,1,12:36:48
9/26/22,12:36:54,10,200330,25SQCMICSBBDF6800B11B,DOC,1,12:36:54
9/26/22,12:36:59,10,200330,25SQCMICSBBDF6800B11B,DOC,1,12:36:59
9/26/22,12:37:01,10,200330,25SQCMICSBBDF6800B11B,DOC,2,12:37:01
9/26/22,12:37:06,10,200330,25SQCMICSBBDF6800B11B,DOC,2,12:37:06
9/26/22,12:37:10,10,200330,25SQCMICSBBDF6800B11B,DOC,2,12:37:10
9/26/22,12:37:11,10,200330,25SQCMICSBBDF6800B11B,DOC,2,12:37:11
9/26/22,12:37:16,10,200330,25SQCMICSBBDF6800B11B,DOC,2,12:37:16
9/26/22,15:02:09,10,200330,25SQCMICSBBE13D00B271,DOC,2,15:02:09
9/26/22,15:02:14,10,200330,25SQCMICSBBE13D00B271,DOC,2,15:02:14
9/26/22,15:02:14,10,200330,25SQCMICSBBE13D00B271,DOC,1,15:02:14
9/26/22,15:02:14,10,200330,25SQCMICSBBE13D00B271,DOC,2,15:02:14
9/26/22,15:02:15,10,200330,25SQCMICSBBE13D00B271,DOC,1,15:02:15
9/26/22,15:02:15,10,200330,25SQCMICSBBE13D00B271,DOC,2,15:02:15
9/26/22,15:02:15,10,200330,25SQCMICSBBE13D00B271,DOC,1,15:02:15
9/26/22,15:02:15,10,200330,25SQCMICSBBE13D00B271,DOC,2,15:02:15
9/26/22,15:02:15,10,200330,25SQCMICSBBE13D00B271,DOC,1,15:02:15
9/26/22,14:47:27,13,200328,25SQCMICSBBE1C400B2A1,DOC,2,14:47:27
9/26/22,14:47:32,13,200328,25SQCMICSBBE1C400B2A1,DOC,2,14:47:32
9/26/22,14:47:36,13,200328,25SQCMICSBBE1C400B2A1,DOC,1,14:47:36
9/26/22,14:53:55,13,200328,25SQCMICSBBE1C400B2A1,DOC,1,14:53:55
9/26/22,14:53:57,13,200328,25SQCMICSBBE1C400B2A1,DOC,2,14:53:57
9/26/22,15:20:24,13,200328,25SQCMICSBBE45500B2EC,DOC,2,15:20:24
9/26/22,10:02:54,10,200330,25SQCMICSBBE5BB00B0A7,DOC,2,10:02:54
9/26/22,10:02:59,10,200330,25SQCMICSBBE5BB00B0A7,DOC,2,10:02:59
9/26/22,10:02:59,10,200330,25SQCMICSBBE5BB00B0A7,DOC,1,10:02:59
9/26/22,10:03:14,10,200330,25SQCMICSBBE5BB00B0A7,DOC,1,10:03:14
9/26/22,10:03:16,10,200330,25SQCMICSBBE5BB00B0A7,DOC,2,10:03:16
9/26/22,10:45:53,10,200330,25SQCMICSBBE5BB00B0A7,DOC,2,10:45:53
9/26/22,10:45:54,10,200330,25SQCMICSBBE5BB00B0A7,DOC,1,10:45:54
9/26/22,10:51:33,10,200330,25SQCMICSBBE5BB00B0A7,DOC,1,10:51:33
9/26/22,10:51:33,10,200330,25SQCMICSBBE5BB00B0A7,DOC,2,10:51:33
9/26/22,12:47:41,10,200330,25SQCMICSBBE5BB00B0A7,DOC,2,12:47:41
9/26/22,12:47:43,10,200330,25SQCMICSBBE5BB00B0A7,DOC,1,12:47:43
9/26/22,12:47:43,10,200330,25SQCMICSBBE5BB00B0A7,DOC,2,12:47:43
9/26/22,12:47:43,10,200330,25SQCMICSBBE5BB00B0A7,DOC,1,12:47:43
9/26/22,12:47:44,10,200330,25SQCMICSBBE5BB00B0A7,DOC,2,12:47:44
9/26/22,12:47:45,10,200330,25SQCMICSBBE5BB00B0A7,DOC,1,12:47:45
9/26/22,12:47:54,10,200330,25SQCMICSBBE5BB00B0A7,DOC,1,12:47:54
9/26/22,12:47:55,10,200330,25SQCMICSBBE5BB00B0A7,DOC,2,12:47:55
9/26/22,12:48:48,10,200330,25SQCMICSBBE5BB00B0A7,DOC,2,12:48:48
9/26/22,12:48:53,10,200330,25SQCMICSBBE5BB00B0A7,DOC,2,12:48:53
9/26/22,12:48:59,10,200330,25SQCMICSBBE5BB00B0A7,DOC,1,12:48:59
9/26/22,12:48:59,10,200330,25SQCMICSBBE5BB00B0A7,DOC,2,12:48:59
9/26/22,12:48:59,10,200330,25SQCMICSBBE5BB00B0A7,DOC,1,12:48:59
9/26/22,12:49:09,10,200330,25SQCMICSBBE5BB00B0A7,DOC,1,12:49:09
9/26/22,12:49:09,10,200330,25SQCMICSBBE5BB00B0A7,DOC,2,12:49:09
9/26/22,12:49:10,10,200330,25SQCMICSBBE5BB00B0A7,DOC,1,12:49:10
9/26/22,12:49:10,10,200330,25SQCMICSBBE5BB00B0A7,DOC,2,12:49:10
9/26/22,12:49:13,10,200330,25SQCMICSBBE5BB00B0A7,DOC,1,12:49:13
9/26/22,12:49:13,10,200330,25SQCMICSBBE5BB00B0A7,DOC,2,12:49:13
9/26/22,12:49:29,10,200330,25SQCMICSBBE5BB00B0A7,DOC,2,12:49:29
9/26/22,12:49:29,10,200330,25SQCMICSBBE5BB00B0A7,DOC,1,12:49:29
9/26/22,12:49:29,10,200330,25SQCMICSBBE5BB00B0A7,DOC,2,12:49:29
9/26/22,14:05:50,10,200330,25SQCMICSBBE5BB00B0A7,DOC,1,14:05:50
9/26/22,14:05:50,10,200330,25SQCMICSBBE5BB00B0A7,DOC,2,14:05:50
9/26/22,14:05:51,10,200330,25SQCMICSBBE5BB00B0A7,DOC,1,14:05:51
9/26/22,14:05:51,10,200330,25SQCMICSBBE5BB00B0A7,DOC,2,14:05:51
9/26/22,14:05:51,10,200330,25SQCMICSBBE5BB00B0A7,DOC,1,14:05:51
9/26/22,14:05:51,10,200330,25SQCMICSBBE5BB00B0A7,DOC,2,14:05:51
9/26/22,14:09:16,10,200330,25SQCMICSBBE5BB00B0A7,DOC,2,14:09:16
9/26/22,14:09:17,10,200330,25SQCMICSBBE5BB00B0A7,DOC,1,14:09:17
9/26/22,15:30:59,10,200330,25SQCMICSBBE5BB00B0A7,DOC,1,15:30:59
9/26/22,15:30:59,10,200330,25SQCMICSBBE5BB00B0A7,DOC,2,15:30:59
9/27/22,17:00:05,10,200330,25SQCMICSBBE5BB00B0A7,DOC,2,17:00:05
9/27/22,17:00:06,10,200330,25SQCMICSBBE5BB00B0A7,DOC,1,17:00:06
9/27/22,17:00:06,10,200330,25SQCMICSBBE5BB00B0A7,DOC,2,17:00:06
9/27/22,17:00:07,10,200330,25SQCMICSBBE5BB00B0A7,DOC,1,17:00:07
9/27/22,17:24:18,10,200330,25SQCMICSBBE5BB00B0A7,DOC,1,17:24:18
9/27/22,17:24:19,10,200330,25SQCMICSBBE5BB00B0A7,DOC,2,17:24:19
9/26/22,14:12:21,10,200330,25SQCMICSBBFDE700B1DD,DOC,2,14:12:21
9/26/22,14:12:26,10,200330,25SQCMICSBBFDE700B1DD,DOC,2,14:12:26
9/26/22,14:12:29,10,200330,25SQCMICSBBFDE700B1DD,DOC,1,14:12:29
9/26/22,14:12:35,10,200330,25SQCMICSBBFDE700B1DD,DOC,1,14:12:35
9/26/22,15:34:43,13,200328,25SQCMICSBBFEC600B2E4,DOC,2,15:34:43
9/26/22,15:34:44,13,200328,25SQCMICSBBFEC600B2E4,DOC,1,15:34:44
9/26/22,15:34:44,13,200328,25SQCMICSBBFEC600B2E4,DOC,2,15:34:44
9/26/22,15:34:45,13,200328,25SQCMICSBBFEC600B2E4,DOC,1,15:34:45
9/26/22,15:44:11,13,200328,25SQCMICSBBFEC600B2E4,DOC,1,15:44:11
9/26/22,15:44:14,13,200328,25SQCMICSBBFEC600B2E4,DOC,2,15:44:14
9/26/22,15:44:14,13,200328,25SQCMICSBBFEC600B2E4,DOC,1,15:44:14
9/26/22,15:44:14,13,200328,25SQCMICSBBFEC600B2E4,DOC,2,15:44:14
9/26/22,14:16:08,10,200330,25SQCMICSBBFF2900B14F,DOC,2,14:16:08
9/26/22,14:16:09,10,200330,25SQCMICSBBFF2900B14F,DOC,1,14:16:09
9/26/22,14:17:05,10,200330,25SQCMICSBBFF2900B14F,DOC,1,14:17:05
9/26/22,14:17:05,10,200330,25SQCMICSBBFF2900B14F,DOC,2,14:17:05